abs_elevation_angle_deg,darces_status,feature,profile,range_m,selected,sigma_z_m,site
2.508429894214113,skipped_insufficient_features,0,0p25m,23.617392955193,0,0.5982920833155225,2
3.046049661402555,skipped_insufficient_features,0,0p25m,20.63446752402397,0,0.6397524826521229,10
2.948044215079793,skipped_insufficient_features,0,0p25m,21.392901860196528,0,0.6318073742845995,12
2.552151898975437,skipped_insufficient_features,0,0p25m,29.298570784254988,0,0.6014603079501365,20
2.7264892811313297,skipped_insufficient_features,0,0p25m,24.74936867881684,0,0.6144654006324213,26
2.038941077785149,skipped_insufficient_features,1,0p25m,27.978228142611176,0,0.5668280733283241,26
2.8017152650374237,skipped_insufficient_features,0,0p25m,19.102519467337288,0,0.6202544773622621,51
2.060663024589891,skipped_insufficient_features,0,0p25m,21.187407816908607,0,0.5681747468569817,54
3.1110122126710795,skipped_insufficient_features,0,0p25m,16.05167436749201,0,0.6451071312028502,89
2.5155606517990203,skipped_insufficient_features,0,0p25m,24.71651775635071,0,0.598806180699107,95
2.584993979970357,skipped_insufficient_features,0,0p25m,27.908891952207632,0,0.6038651675375322,103
2.578590791430168,skipped_insufficient_features,0,0p25m,38.55718156193473,0,0.6033946234387996,117
1.712572602530133,skipped_insufficient_features,0,0p25m,26.26130708856663,0,0.5479821901552704,178
2.692983177656209,skipped_insufficient_features,0,0p25m,22.50069443372804,0,0.6119207584240097,194
1.803638216537471,skipped_insufficient_features,0,0p25m,33.58803730496916,0,0.5529719887784933,196
2.9836275442892823,skipped_insufficient_features,1,0p25m,20.053833798054676,0,0.634673233143797,196
2.8577702719394806,no_solution,0,0p25m,32.32887641103538,0,0.624635252475563,200
2.185176949874236,no_solution,1,0p25m,30.13770478984755,0,0.5761056418172835,200
3.135465963894665,no_solution,2,0p25m,19.8470715724008,0,0.6471405826336668,200
2.3382415769827216,skipped_insufficient_features,0,0p25m,32.19714661270467,0,0.586332742333365,204
2.07649921412459,skipped_insufficient_features,1,0p25m,22.978930566934572,0,0.5691635181064533,204
1.5888619932644257,skipped_insufficient_features,0,0p25m,29.243054730995528,0,0.5415519461009753,210
1.9213108075386858,skipped_insufficient_features,0,0p25m,44.43851088864252,0,0.559731357179201,223
2.799681796633788,skipped_insufficient_features,1,0p25m,22.17332293545557,0,0.6200966251694241,223
2.351741069830519,skipped_insufficient_features,0,0p25m,35.18922065064812,0,0.587259186214711,229
2.765282439075885,skipped_insufficient_features,1,0p25m,22.7987115864033,0,0.6174377435275699,229
3.5371485031665033,skipped_insufficient_features,0,0p25m,21.275719729306456,0,0.68185458000413,246
3.948181372561617,skipped_insufficient_features,0,0p25m,18.08746112642678,0,0.7196848705983037,249
4.384135055430885,skipped_insufficient_features,0,0p25m,16.078906990215472,0,0.7619909896867866,252
4.828301787157217,skipped_insufficient_features,0,0p25m,14.710752869924775,0,0.8070638843370902,258
5.279907527585206,skipped_insufficient_features,0,0p25m,17.04497726604527,0,0.854628244720578,273
2.8532918904597797,skipped_insufficient_features,0,0p25m,38.482544744338306,0,0.6242831896915696,313
2.5747429395660735,skipped_insufficient_features,0,0p25m,39.59048181065747,0,0.6031122488506776,316
2.1544650140628367,skipped_insufficient_features,0,0p25m,43.34635221099926,0,0.5741164008224459,317
2.475260870811711,skipped_insufficient_features,0,0p25m,42.37960889390085,0,0.5959142722110377,326
2.6820381247531184,skipped_insufficient_features,0,0p25m,44.947538864769896,0,0.6110941151750667,330
2.570352422589683,skipped_insufficient_features,1,0p25m,24.503188568021102,0,0.6027904074633456,330
2.9194613430979497,skipped_insufficient_features,0,0p25m,12.758575547450429,0,0.6295211049778984,350
3.8146519964199683,no_solution,0,0p25m,12.20271486186578,0,0.7071604428523198,397
3.070967861641338,no_solution,1,0p25m,14.121127787822047,0,0.6417982149758296,397
2.010885335219959,no_solution,2,0p25m,19.74287846287871,0,0.5651052607144033,397
3.7476216427964157,skipped_insufficient_features,0,0p25m,13.025215929112269,0,0.7009562312129624,399
2.2817781823261396,skipped_insufficient_features,1,0p25m,17.9417460131393,0,0.5825002854505118,399
2.535877211280841,skipped_insufficient_features,0,0p5m,23.347912112221085,0,0.6002765247484911,2
3.0272575680886797,skipped_insufficient_features,0,0p5m,20.763549792846117,0,0.6382165054644401,10
2.933623628256689,skipped_insufficient_features,0,0p5m,21.49709282670566,0,0.6306521415143546,12
2.4223991707069494,skipped_insufficient_features,0,0p5m,31.13880216064838,0,0.5921712917222937,20
2.9209176650066184,skipped_insufficient_features,0,0p5m,22.69636534778201,0,0.6296372498986267,26
2.026211008125898,skipped_insufficient_features,1,0p5m,28.153596573084585,0,0.5660440429939739,26
1.4622749333080376,skipped_insufficient_features,0,0p5m,39.1806712550972,0,0.5354009870314667,48
1.7707453835979312,no_solution,0,0p5m,49.331784885609,0,0.5511450325282443,51
1.709070848396533,no_solution,1,0p5m,36.96789147354769,0,0.5477946078230488,51
2.8068111965546656,no_solution,2,0p5m,19.068953825524883,0,0.6206503895445121,51
1.4733865515974185,skipped_insufficient_features,0,0p5m,48.68906448064082,0,0.5359231664449781,54
2.125037213945839,skipped_insufficient_features,1,0p5m,20.594295326618973,0,0.5722304944981049,54
1.6369193606621792,skipped_insufficient_features,0,0p5m,28.993533761858004,0,0.5440014605602718,77
0.7367431204304808,skipped_insufficient_features,1,0p5m,28.777161083053347,0,0.5092166460368214,77
3.0372722648749213,skipped_insufficient_features,0,0p5m,16.405029716522918,0,0.6390343273002741,89
1.444324299078726,skipped_insufficient_features,0,0p5m,50.89818267875583,0,0.5345647200172755,95
2.560840416576047,skipped_insufficient_features,1,0p5m,24.075402385006985,0,0.6020944484570506,95
2.568996650407467,skipped_insufficient_features,0,0p5m,28.082467840273583,0,0.6026911011800877,103
1.9394355137246235,skipped_insufficient_features,0,0p5m,59.98020506800556,0,0.5608030042245002,117
2.590432793160604,skipped_insufficient_features,1,0p5m,38.381310556050586,0,0.6042654764681722,117
2.2701068746121273,skipped_insufficient_features,0,0p5m,79.2661655436921,0,0.5817167329727281,150
2.9418978188331266,skipped_insufficient_features,1,0p5m,30.424085853152597,0,0.6313145477005844,150
2.3620025663095396,skipped_insufficient_features,0,0p5m,74.40178089266412,0,0.5879660129416681,151
1.8494355121326553,no_solution,0,0p5m,80.16935199937691,0,0.5555614857454024,155
2.6341967203468357,no_solution,1,0p5m,46.32089161490742,0,0.6075076183431487,155
2.2840113460659,no_solution,2,0p5m,38.50486982188097,0,0.5826505481264289,155
2.151968300795912,no_solution,0,0p5m,72.87746565297122,0,0.5739556280336868,161
2.787087907781551,no_solution,1,0p5m,41.5586934347075,0,0.6191206755258357,161
2.0885476656176127,no_solution,2,0p5m,35.652839999080015,0,0.5699197206138554,161
1.980528069686481,no_solution,0,0p5m,73.53655553532542,0,0.5632622885645955,164
2.7792193550427102,no_solution,1,0p5m,40.65249069860296,0,0.6185123804361236,164
2.0916699287977396,no_solution,2,0p5m,32.36703569992161,0,0.5701162365948547,164
1.9491840666115456,no_solution,0,0p5m,68.64127766876138,0,0.5613827199727358,175
2.3680050558490664,no_solution,1,0p5m,38.50486982188097,0,0.588380510667201,175
1.9381233375694589,no_solution,2,0p5m,27.876961814372812,0,0.5607251502492882,175
1.7126841760653717,no_solution,0,0p5m,69.83283611597055,0,0.5479881722080246,178
2.385842701418466,no_solution,1,0p5m,36.133433271694514,0,0.5896167787876018,178
1.9501253244705632,no_solution,2,0p5m,39.706737463559,0,0.5614388161766112,178
1.6466499651691202,no_solution,3,0p5m,27.53406980451673,0,0.5445049702187137,178
1.8680012728478492,solution,0,0p5m,67.19840027857806,1,0.5566262783505679,194
2.4151036163663573,solution,1,0p5m,41.371789905683315,1,0.5916592568525125,194
2.0350527881293203,solution,2,0p5m,37.53831376074317,1,0.5665881906527391,194
2.6718785281335053,solution,3,0p5m,22.674324686746463,1,0.6103288291014674,194
0.8313247644030156,solution,4,0p5m,30.05203820042827,1,0.5117064478596224,194
1.41255848341366,no_solution,0,0p5m,67.38415985971777,0,0.5331070744775389,196
2.3228416651749018,no_solution,1,0p5m,36.784847423905404,0,0.5852806438651973,196
1.5636735827152433,no_solution,2,0p5m,40.00781173720952,0,0.5402929877566203,196
2.961593839122597,no_solution,3,0p5m,20.202103850836924,0,0.6328960975541891,196
1.7185552608771852,no_solution,0,0p5m,66.59298011051915,0,0.5483034111274467,200
2.46984464137925,no_solution,1,0p5m,37.92921037933693,0,0.595528122627971,200
1.9023297119872438,no_solution,2,0p5m,40.897738323775314,0,0.5586177216530341,200
1.722688309349602,no_solution,3,0p5m,39.42873317772206,0,0.5485258683136293,200
3.1089135577048386,no_solution,4,0p5m,20.015618901248097,0,0.644933067899224,200
1.3878601136827544,no_solution,0,0p5m,66.3974773617191,0,0.5319934884217637,204
2.3007116448256126,no_solution,1,0p5m,32.88806774500442,0,0.583777703488532,204
1.5337469698625656,no_solution,2,0p5m,35.25797782062948,0,0.5388196871032561,204
2.0606889943948237,no_solution,3,0p5m,23.15437323703667,0,0.5681763635304974,204
1.4248644879790284,no_solution,0,0p5m,58.16033871978395,0,0.5336683815011266,210
2.3571315373800648,no_solution,1,0p5m,28.855242158055095,0,0.5876302100093656,210
1.5672487212847293,no_solution,2,0p5m,30.718479780093286,0,0.540470629101602,210
1.4067579934677032,no_solution,3,0p5m,27.697021500515177,0,0.5328439876781067,210
1.9282030175581533,skipped_insufficient_features,0,0p5m,44.278945335226766,0,0.560137920253135,223
2.8227998856223167,skipped_insufficient_features,1,0p5m,21.991475621249247,0,0.621895632896073,223
2.3466907652700417,skipped_insufficient_features,0,0p5m,35.265067701622236,0,0.5869121377993978,229
2.7239498964250233,skipped_insufficient_features,1,0p5m,23.143573622066235,0,0.6142718080014227,229
3.508567178859408,skipped_insufficient_features,0,0p5m,21.450524469112636,0,0.6793067773847884,246
1.6028114448438462,skipped_insufficient_features,1,0p5m,30.350041186133502,0,0.5422565573605118,246
3.9130564117217297,skipped_insufficient_features,0,0p5m,18.25171224844398,0,0.7163694334614946,249
1.6729039097661285,skipped_insufficient_features,1,0p5m,30.75101624336991,0,0.5458760392075591,249
4.322419318606856,skipped_insufficient_features,0,0p5m,16.29800601300662,0,0.7558783100810631,252
0.8891718021412585,skipped_insufficient_features,1,0p5m,29.531762561689405,0,0.5133705745468702,252
4.83976676134287,skipped_insufficient_features,0,0p5m,14.650085323983612,0,0.8082509102144316,258
1.2102018496508868,skipped_insufficient_features,1,0p5m,31.837477915186685,0,0.5245024256293509,258
5.177607739883439,no_solution,0,0p5m,17.381743295768697,0,0.8437142029113569,273
1.0612832942865076,no_solution,1,0p5m,44.40298413395208,0,0.5189447392193345,273
1.2457234282938676,no_solution,2,0p5m,36.07804041241708,0,0.5259263408109836,273
2.863203460298194,no_solution,0,0p5m,38.34872879249063,0,0.6250628555604772,313
1.5381227277105918,no_solution,1,0p5m,48.6376911458593,0,0.5390335768032374,313
1.6908130282384175,no_solution,2,0p5m,36.784847423905404,0,0.5468217751219201,313
2.6218904591245007,skipped_insufficient_features,0,0p5m,38.84745808930103,0,0.6065921774461258,316
2.135123707429781,skipped_insufficient_features,0,0p5m,43.739284402010966,0,0.5728746617566872,317
2.4848892146302495,skipped_insufficient_features,0,0p5m,42.21522237297821,0,0.5966022027721899,326
2.718707078430423,skipped_insufficient_features,0,0p5m,44.504213283688095,0,0.6138724977681823,330
2.605928787810877,skipped_insufficient_features,1,0p5m,24.168678077213904,0,0.6054091937794107,330
2.1999650662210053,skipped_insufficient_features,0,0p5m,58.37486616687014,0,0.57707108369151,347
2.4034438103315967,skipped_insufficient_features,1,0p5m,30.571637182198796,0,0.590843225424657,347
2.182273998149903,no_solution,0,0p5m,57.95364526930122,0,0.5759167010891092,350
2.2098534088316466,no_solution,1,0p5m,30.775396016948346,0,0.5777193837735426,350
2.9132633160486527,no_solution,2,0p5m,12.772039774444801,0,0.629027211528048,350
1.6710416913600716,skipped_insufficient_features,0,0p5m,38.11331788233609,0,0.5457781859790429,355
1.377328833848769,no_solution,0,0p5m,35.434799279804025,0,0.5315239449150438,397
3.9060938114366746,no_solution,1,0p5m,11.879604370516722,0,0.7157139852567781,397
3.001889881073888,no_solution,2,0p5m,14.426538046253508,0,0.6361524437185704,397
2.0281223993825637,no_solution,3,0p5m,19.573579131063383,0,0.5661615181591028,397
1.3074622738212809,skipped_insufficient_features,0,0p5m,38.950288830764784,0,0.5284896078998487,398
1.2941570645770422,no_solution,0,0p5m,40.00781173720952,0,0.5279277769073939,399
3.7473435610473578,no_solution,1,0p5m,13.08147545195113,0,0.7009306108350328,399
2.27037329705611,no_solution,2,0p5m,18.155577655365306,0,0.5817345859650884,399
1.5357412198435727,skipped_insufficient_features,0,0p5m,36.58722454628118,0,0.5389171020621758,402
1.6169654841413559,skipped_insufficient_features,0,0p5m,34.32382554436495,0,0.5429768641681123,405
1.38008526555623,skipped_insufficient_features,0,10m,49.49747468305833,0,0.5550143769854647,2
2.2519935527570873,skipped_insufficient_features,1,10m,25.495097567963924,0,0.6361172904526003,2
1.2468534898826453,no_solution,0,10m,96.17692030835673,0,0.5453183550246863,9
1.3331389837336571,no_solution,1,10m,75.16648189186454,0,0.5515051836813271,9
1.373599357799047,no_solution,2,10m,69.6419413859206,0,0.5545236590523304,9
2.83341505306331,no_solution,3,10m,15.811388300841896,0,0.7035292933976791,9
1.0852193537581183,no_solution,0,10m,96.17692030835673,0,0.5346806590381771,10
1.2556240391975262,no_solution,1,10m,75.16648189186454,0,0.5459314160916624,10
1.214127384121055,no_solution,2,10m,69.6419413859206,0,0.54306285199656,10
0.8772508167151586,no_solution,3,10m,91.92388155425118,0,0.5229207170354069,10
2.043901344855078,no_solution,4,10m,35.35533905932738,0,0.6142987547729002,10
1.2348766111792806,no_solution,0,10m,86.31338250816034,0,0.5444870208830004,12
0.9638410631218193,no_solution,1,10m,107.93516572461452,0,0.5275452406692632,12
1.2902849037799722,no_solution,2,10m,75.16648189186454,0,0.548389395502995,12
1.1754261983059018,no_solution,3,10m,73.824115301167,0,0.5404614407609696,12
1.9502337642531178,no_solution,4,10m,38.07886552931954,0,0.6049364377550893,12
1.4669286204523873,no_solution,0,10m,88.60022573334675,0,0.5617638796268406,20
1.7377121524470795,no_solution,1,10m,65.19202405202648,0,0.5848418913585312,20
1.4652593386076955,no_solution,2,10m,60.41522986797286,0,0.5616310414390295,20
1.089591630974636,no_solution,3,10m,79.05694150420949,0,0.5349515896287825,20
1.3346998030411343,no_solution,0,10m,76.48529270389177,0,0.5516202520456147,26
1.471279789899058,no_solution,1,10m,51.478150704935004,0,0.5621107012984123,26
1.5377926461679372,no_solution,2,10m,43.01162633521314,0,0.5675127538572657,26
0.892820991953415,no_solution,3,10m,73.824115301167,0,0.5237230938917381,26
3.087802361653567,no_solution,4,10m,21.213203435596427,0,0.7355280291663411,26
1.7465639818352752,skipped_insufficient_features,0,10m,57.0087712549569,0,0.5856455452093525,36
0.9007570848278552,skipped_insufficient_features,1,10m,73.824115301167,0,0.5241370176205596,36
1.5991673916150455,no_solution,0,10m,57.0087712549569,0,0.5726616757087751,48
1.4926118894159488,no_solution,1,10m,35.35533905932738,0,0.5638227865251173,48
3.2371554301979466,no_solution,2,10m,15.811388300841896,0,0.7549135587981759,48
1.6215834274557277,no_solution,0,10m,63.63961030678928,0,0.5745806671242697,51
3.285782094692112,no_solution,1,10m,15.811388300841896,0,0.7613136428813914,51
1.43162635204799,no_solution,2,10m,35.35533905932738,0,0.5589803042405019,51
1.5599991722901714,no_solution,0,10m,57.0087712549569,0,0.569357768589629,54
1.9106301191645663,no_solution,1,10m,38.07886552931954,0,0.6010684699397375,54
1.8433891926380461,no_solution,2,10m,29.154759474226502,0,0.5946284741122674,54
0.9348394124961122,no_solution,3,10m,49.49747468305833,0,0.5259524644618712,54
1.1493431344312273,no_solution,4,10m,38.07886552931954,0,0.5387489609390773,54
1.4515271099944287,no_solution,0,10m,45.27692569068709,0,0.5605428245411531,77
0.6563435533306435,no_solution,1,10m,25.495097567963924,0,0.5129558131707609,77
0.1620128703933372,no_solution,2,10m,73.824115301167,0,0.5007989309585953,77
1.4141582137749866,no_solution,0,10m,45.27692569068709,0,0.5576230486837578,89
0.7554364448046456,no_solution,1,10m,51.478150704935004,0,0.5170938506910765,89
0.1903957446201478,no_solution,2,10m,88.60022573334675,0,0.5011030460017094,89
0.17083025787412282,no_solution,3,10m,87.46427842267951,0,0.5008881807191266,89
0.8208972537928888,no_solution,0,10m,127.47548783981962,0,0.5201251134442139,95
1.6724357870062871,no_solution,1,10m,45.27692569068709,0,0.5790087869936574,95
1.121981228044315,no_solution,2,10m,51.478150704935004,0,0.5369881950166915,95
0.7838573881716983,no_solution,3,10m,35.35533905932738,0,0.5183811503707,95
0.005350330535325918,no_solution,4,10m,71.06335201775947,0,0.5000008719981928,95
1.812147189613218,no_solution,0,10m,47.43416490252569,0,0.591691959706422,103
1.075933484246417,no_solution,1,10m,43.01162633521314,0,0.5341084209443571,103
0.18610510312498707,no_solution,2,10m,115.97413504743201,0,0.501053942392513,103
0.13420105401310886,no_solution,3,10m,106.06601717798213,0,0.5005483149815816,103
1.4324037404094303,no_solution,0,10m,107.00467279516349,0,0.5590410172865078,117
0.9187066655835116,no_solution,1,10m,155.72411502397438,0,0.5250855034629198,117
1.4917313187104875,no_solution,2,10m,73.824115301167,0,0.563751728148408,117
1.9429801691588873,no_solution,3,10m,49.49747468305833,0,0.6042239113611759,117
2.4612896704750455,no_solution,4,10m,38.07886552931954,0,0.6593655085500735,117
0.6016707244492898,no_solution,5,10m,105.11898020814318,0,0.5109091843879374,117
1.848525156827792,no_solution,0,10m,85.14693182963201,0,0.595114630865175,136
1.251168862254955,no_solution,1,10m,107.00467279516349,0,0.5456195477665083,136
0.9428060803506572,no_solution,2,10m,135.09256086106296,0,0.5263856213615931,136
2.2103130518765792,no_solution,3,10m,57.0087712549569,0,0.631639233385671,136
0.7749133412130041,no_solution,4,10m,143.0034964607509,0,0.5179712571438726,136
0.846037406314214,no_solution,5,10m,82.76472678623425,0,0.5213511809911525,136
0.765913803454498,no_solution,6,10m,86.31338250816034,0,0.517563248854713,136
0.34383878501219844,no_solution,7,10m,129.80754985747168,0,0.5035885515625302,136
2.2559405287239263,solution,0,10m,79.05694150420949,0,0.6365440471171881,150
2.0153796246654374,solution,1,10m,79.05694150420949,0,0.6114166034922147,150
1.1429859864950656,solution,2,10m,121.03718436910205,0,0.5383366018579635,150
3.153676912251608,solution,3,10m,43.01162633521314,1,0.7440266396360244,150
1.1755163392713788,solution,4,10m,107.00467279516349,1,0.5404674161417842,150
1.0196886942591528,solution,5,10m,107.93516572461452,0,0.5307350970519312,150
2.156218769087458,solution,6,10m,43.01162633521314,0,0.6259065218897659,150
0.5607876247321519,solution,7,10m,163.24827717314508,1,0.5094902398771677,150
1.3165329656886673,solution,8,10m,66.70832032063167,1,0.5502878153953795,150
0.6038579015449564,solution,9,10m,142.30249470757707,0,0.5109877935534529,150
0.5657121094570459,solution,10,10m,135.09256086106296,0,0.509656071002941,150
0.5444078147183287,solution,11,10m,120.20815280171308,0,0.5089487110815656,150
0.5537165961013284,solution,12,10m,115.10864433221339,1,0.5092545676433434,150
2.3015368818781283,solution,0,10m,73.824115301167,1,0.6415074247703748,151
1.9885177140874788,solution,1,10m,73.824115301167,0,0.6087271086640981,151
1.4247775167612278,solution,2,10m,99.24716620639605,0,0.5584465617222919,151
1.0415131015784531,solution,3,10m,123.4908903522847,0,0.532025038016559,151
1.6239266694980685,solution,4,10m,77.78174593052023,1,0.5747824397122244,151
1.473922028005551,solution,5,10m,85.14693182963201,1,0.562321705427596,151
1.089180047142119,solution,6,10m,101.24228365658294,1,0.5349260449760518,151
0.9677139623181649,solution,7,10m,113.35784048754634,0,0.5277612556823911,151
0.8079006455840622,solution,8,10m,121.03718436910205,0,0.5195046870781126,151
0.668640593200162,solution,9,10m,132.09844813622905,0,0.5134394604854116,151
0.6128008085359059,solution,10,10m,117.6860229593982,0,0.5113120504377622,151
0.13609897009859984,solution,11,10m,93.00537618869137,0,0.5005639248153098,151
2.3349682627977426,solution,0,10m,65.19202405202648,0,0.6451850996532541,155
2.11751650736764,solution,1,10m,69.6419413859206,0,0.6218610357275748,155
1.2218500676358328,solution,2,10m,115.10864433221339,1,0.5435905274621895,155
1.6221923177634199,solution,3,10m,85.14693182963201,0,0.5746330763660846,155
0.8375084846922682,solution,4,10m,135.09256086106296,1,0.5209314091229701,155
1.9600843047560093,solution,5,10m,57.0087712549569,1,0.6059069775055757,155
1.0324072826802841,solution,6,10m,85.14693182963201,1,0.5314838921201095,155
0.7889355026976758,solution,7,10m,105.11898020814318,0,0.5186158218788242,155
2.305181794950046,solution,8,10m,35.35533905932738,0,0.6419068199911803,155
0.347013624477994,solution,9,10m,120.20815280171308,0,0.5036548874253706,155
0.14222120921402934,solution,10,10m,149.164338901763,0,0.5006157691258669,155
0.007381859612080598,solution,11,10m,85.14693182963201,0,0.5000016599139783,155
2.2083933491716192,no_solution,0,10m,69.6419413859206,0,0.6314342510276936,161
1.8886137795678561,no_solution,1,10m,73.824115301167,0,0.598942051933306,161
1.7655137862747394,no_solution,2,10m,75.16648189186454,0,0.5873760055239221,161
1.1354717551232056,no_solution,3,10m,113.35784048754634,0,0.5378517367387691,161
1.0490292347464432,no_solution,4,10m,107.00467279516349,0,0.5324748751223023,161
1.8702486777180765,no_solution,5,10m,57.0087712549569,0,0.5971814885209515,161
0.21941729817843125,no_solution,6,10m,135.09256086106296,0,0.5014644184225084,161
2.025869413901755,no_solution,0,10m,69.6419413859206,0,0.6124734576641333,164
1.8227954459256457,no_solution,1,10m,73.824115301167,0,0.5926887922815799,164
1.5949920678673313,no_solution,2,10m,75.16648189186454,0,0.5723064878979947,164
1.0883466237205164,no_solution,3,10m,101.24228365658294,0,0.5348743450077298,164
2.195267226462217,no_solution,4,10m,47.43416490252569,0,0.6300356832320027,164
0.7307127878424129,no_solution,5,10m,132.09844813622905,0,0.5160102151976593,164
0.13040181233341921,no_solution,6,10m,143.0034964607509,0,0.5005177244826541,164
1.9899598473788007,no_solution,0,10m,66.70832032063167,0,0.6088708796586747,175
1.7518733609809285,no_solution,1,10m,65.19202405202648,0,0.5861290138623502,175
2.1848758381718056,no_solution,2,10m,51.478150704935004,0,0.6289322445212008,175
0.9432583563020279,no_solution,3,10m,96.17692030835673,0,0.5264103117222106,175
1.1309231213654474,no_solution,4,10m,79.05694150420949,0,0.5375595750859801,175
0.6540012264558783,no_solution,5,10m,123.4908903522847,0,0.5128646557188361,175
1.7543974460876113,no_solution,0,10m,66.70832032063167,0,0.586359231142059,178
2.0517387942956224,no_solution,1,10m,51.478150704935004,0,0.6150954642756076,178
1.3874723306218755,no_solution,2,10m,71.06335201775947,0,0.5555755637150045,178
0.8435474469728725,no_solution,3,10m,96.17692030835673,0,0.5212282266840103,178
1.909814979994613,no_solution,4,10m,38.07886552931954,0,0.6009894350507611,178
1.6217890879782018,no_solution,0,10m,65.19202405202648,0,0.5745983673482623,194
1.3306413194501119,no_solution,1,10m,71.06335201775947,0,0.5513212789251467,194
2.1457060789741935,no_solution,2,10m,43.01162633521314,0,0.6248029737424186,194
0.7431465747670711,no_solution,3,10m,109.77249200050075,0,0.5165509623113699,194
1.7875283986697845,no_solution,4,10m,45.27692569068709,0,0.5894033517221063,194
0.7275753976053068,no_solution,5,10m,110.67971810589327,0,0.5158751234023292,194
1.8266270605126962,no_solution,6,10m,38.07886552931954,0,0.5930485081821126,194
2.6930691698575218,no_solution,7,10m,21.213203435596427,0,0.6864789052115884,194
0.39026989452082117,no_solution,8,10m,137.2953021774598,0,0.504618459257165,194
1.4235694981840903,no_solution,0,10m,65.19202405202648,0,0.5583526317995223,196
1.9100181179041846,no_solution,1,10m,43.01162633521314,0,0.6010091288597657,196
1.593942258985388,no_solution,2,10m,45.27692569068709,0,0.5722172941855551,196
0.7181097524233516,no_solution,3,10m,88.60022573334675,0,0.5154708581009334,196
2.7662331489950382,no_solution,4,10m,21.213203435596427,0,0.6953109704370082,196
0.04143748174138599,no_solution,5,10m,147.13938969562162,0,0.5000523020704652,196
1.7553653305046004,no_solution,0,10m,65.19202405202648,0,0.5864475742817022,200
3.1675092508739,no_solution,1,10m,29.154759474226502,0,0.7458216621779126,200
0.992691468343864,no_solution,2,10m,85.14693182963201,0,0.5291730493304972,200
0.7559465736011339,no_solution,3,10m,101.24228365658294,0,0.5171165650739045,200
0.687752339530832,no_solution,4,10m,95.13148795220224,0,0.5142080201949542,200
1.8007903332473154,no_solution,5,10m,35.35533905932738,0,0.5906334080735729,200
3.477751617535676,no_solution,6,10m,15.811388300841896,0,0.7869778673718208,200
0.7902344245334503,no_solution,7,10m,66.70832032063167,0,0.5186760744531285,200
1.423056679656701,no_solution,0,10m,55.226805085936306,0,0.5583127767643946,204
1.9775377283427695,no_solution,1,10m,35.35533905932738,0,0.6076347977286315,204
1.73651278294468,no_solution,2,10m,29.154759474226502,0,0.5847332313063357,204
0.023069772782651102,no_solution,3,10m,145.7737973711325,0,0.500016211917151,204
1.3895676730219841,no_solution,0,10m,57.0087712549569,0,0.5557351870845,210
2.2582554738061775,no_solution,1,10m,29.154759474226502,0,0.6367945604321488,210
1.1930350963710858,no_solution,2,10m,51.478150704935004,0,0.5416361602589582,210
0.587996376595739,no_solution,3,10m,82.76472678623425,0,0.5104239161967064,210
1.593603040716642,no_solution,4,10m,29.154759474226502,0,0.5721884831804044,210
1.3270954461353572,no_solution,5,10m,29.154759474226502,0,0.5510606819704387,210
0.3534440110850153,no_solution,6,10m,43.01162633521314,0,0.5037910863146828,210
1.940414304648627,skipped_insufficient_features,0,10m,38.07886552931954,0,0.6039723014972217,223
0.21042952319154087,skipped_insufficient_features,1,10m,143.0034964607509,0,0.5013470612870353,223
2.0955065041615035,no_solution,0,10m,38.07886552931954,0,0.6195816126287943,229
2.37512825037056,no_solution,1,10m,25.495097567963924,0,0.6496451929812034,229
0.1864851182685166,no_solution,2,10m,117.6860229593982,0,0.5010582464381603,229
3.3476321387743373,no_solution,0,10m,21.213203435596427,0,0.7695142736734235,246
1.323016373508077,no_solution,1,10m,35.35533905932738,0,0.5507616080436994,246
0.19394892868817518,no_solution,2,10m,76.48529270389177,0,0.5011445533317119,246
4.364451799006067,no_solution,0,10m,15.811388300841896,0,0.9124147313849841,249
1.785570723231005,no_solution,1,10m,29.154759474226502,0,0.5892223312508958,249
0.028262652066104996,no_solution,2,10m,65.19202405202648,0,0.5000243315660804,249
4.17810918212106,no_solution,0,10m,15.811388300841896,0,0.885239596089514,252
1.6098781949706573,no_solution,1,10m,35.35533905932738,0,0.5735760671499691,252
0.07920429459923127,no_solution,2,10m,55.226805085936306,0,0.5001910600033365,252
4.173042432803378,no_solution,0,10m,15.811388300841896,0,0.8845060994647391,258
0.9026200736781427,no_solution,1,10m,43.01162633521314,0,0.5242346692945157,258
0.04993164772173922,no_solution,2,10m,57.0087712549569,0,0.5000759405558028,258
0.042555547313247816,no_solution,3,10m,76.48529270389177,0,0.500055162418608,258
0.2631083699943859,no_solution,4,10m,109.77249200050075,0,0.5021043463598014,258
0.38022820640585175,no_solution,5,10m,115.10864433221339,0,0.5043848625995675,258
5.154495816419275,no_solution,0,10m,15.811388300841896,0,1.0313678611737847,273
1.1650536881395326,no_solution,1,10m,38.07886552931954,0,0.5397764800148883,273
0.46484509479826525,no_solution,2,10m,95.13148795220224,0,0.5065397233805725,273
0.7235842399985178,no_solution,3,10m,55.226805085936306,0,0.5157040592137222,273
0.1984253840496611,no_solution,4,10m,77.78174593052023,0,0.5011979335336016,273
3.037176917421805,no_solution,0,10m,35.35533905932738,0,0.7290540721269912,313
1.4417098734853584,no_solution,1,10m,45.27692569068709,0,0.5597698629298771,313
0.5008592390670795,no_solution,2,10m,145.7737973711325,0,0.5075844966277633,313
2.859238269997251,skipped_insufficient_features,0,10m,35.35533905932738,0,0.7067150689055336,316
0.44339146187049516,skipped_insufficient_features,1,10m,65.19202405202648,0,0.5059534517877842,316
2.4670679230595636,no_solution,0,10m,35.35533905932738,0,0.6600246091214989,317
1.404913777626258,no_solution,1,10m,35.35533905932738,0,0.5569101976281942,317
0.3769745405381932,no_solution,2,10m,75.16648189186454,0,0.5043104570812923,317
2.6922659892441363,no_solution,0,10m,38.07886552931954,0,0.6863826479761252,326
0.8135580916697156,no_solution,1,10m,76.48529270389177,0,0.5197736331076928,326
1.186794755833204,no_solution,2,10m,45.27692569068709,0,0.541218148327646,326
0.1259033638875116,no_solution,3,10m,96.17692030835673,0,0.5004826377019018,326
2.5425032899396047,no_solution,0,10m,43.01162633521314,0,0.668710198551269,330
1.214070400889286,no_solution,1,10m,65.19202405202648,0,0.5430589689968333,330
0.8219727204752496,no_solution,2,10m,88.60022573334675,0,0.5201768639370248,330
0.23584753293486427,no_solution,3,10m,87.46427842267951,0,0.5016915634799607,330
2.091822008830388,no_solution,0,10m,57.0087712549569,0,0.6192015563830582,347
0.9820021516336676,no_solution,1,10m,79.05694150420949,0,0.5285649167372182,347
0.6849723911236324,no_solution,2,10m,91.92388155425118,0,0.514094952916968,347
0.4289017382528374,no_solution,3,10m,86.31338250816034,0,0.5055727948661201,347
2.218387991675647,no_solution,0,10m,57.0087712549569,0,0.632502688384688,350
0.41046575309185945,no_solution,1,10m,93.00537618869137,0,0.5051063600011908,350
0.25728620151103676,no_solution,2,10m,101.24228365658294,0,0.5020124284832345,350
0.3147797321630346,no_solution,3,10m,76.48529270389177,0,0.5030093452662813,350
0.039343689791835425,no_solution,4,10m,121.03718436910205,0,0.5000471503118437,350
1.805122077230544,no_solution,0,10m,63.63961030678928,0,0.5910365982753045,355
1.1178773029640545,no_solution,1,10m,75.16648189186454,0,0.5367272753641215,355
0.4764752887565494,no_solution,2,10m,101.24228365658294,0,0.5068688277680717,355
0.32174507700642346,no_solution,3,10m,79.05694150420949,0,0.5031435805137507,355
0.19031360961111016,no_solution,4,10m,65.19202405202648,0,0.5011020955580947,355
0.038540371143914065,no_solution,5,10m,115.10864433221339,0,0.500045244625971,355
1.2505583193933492,no_solution,0,10m,79.05694150420949,0,0.5455768815708095,362
1.5665938142369564,no_solution,1,10m,45.27692569068709,0,0.5699096207948778,362
0.5443615505294669,no_solution,2,10m,85.14693182963201,0,0.5089472034872752,362
0.6905814836540005,no_solution,3,10m,57.0087712549569,0,0.5143235330667512,362
1.8887663619451964,no_solution,0,10m,35.35533905932738,0,0.5989567296676345,397
0.8792397907004035,no_solution,1,10m,71.06335201775947,0,0.5230224959050049,397
1.0728725842070603,no_solution,2,10m,43.01162633521314,0,0.533920739376289,397
0.06459428157981492,no_solution,3,10m,149.164338901763,0,0.5001270831759722,397
0.127853086750478,no_solution,4,10m,171.0263137648707,0,0.5004976941317922,397
0.22295950733504707,no_solution,5,10m,106.06601717798213,0,0.5015120109958893,397
1.2318579580835132,no_solution,0,10m,79.05694150420949,0,0.5442785601176081,398
0.7292049059015636,no_solution,1,10m,95.13148795220224,0,0.515945219666699,398
0.5757662476077267,no_solution,2,10m,91.92388155425118,0,0.509998974138619,398
0.2799727789484674,no_solution,3,10m,139.46325680981354,0,0.5023820998507145,398
1.0558553782111115,no_solution,0,10m,85.14693182963201,0,0.5328858896126313,399
1.1052866176859626,no_solution,1,10m,79.05694150420949,0,0.5359319739013316,399
0.531587511059942,no_solution,2,10m,96.17692030835673,0,0.508535676189754,399
0.48539684644695685,no_solution,3,10m,105.11898020814318,0,0.5071266483313671,399
1.7174615049417805,no_solution,4,10m,29.154759474226502,0,0.5830146303149812,399
0.5182990229015653,no_solution,5,10m,96.17692030835673,0,0.5081176067495718,399
0.5623470615373829,no_solution,6,10m,77.78174593052023,0,0.5095426025493731,399
1.5189703062510447,no_solution,0,10m,35.35533905932738,0,0.5659650452369822,402
0.4645810182857421,no_solution,1,10m,87.46427842267951,0,0.5065323426876868,402
0.1326173241116214,no_solution,2,10m,147.13938969562162,0,0.500535456659205,402
1.603758411973677,no_solution,0,10m,55.226805085936306,0,0.5730530450426838,405
0.6243836454477198,no_solution,1,10m,93.00537618869137,0,0.5117388013068466,405
0.6663732973111011,no_solution,2,10m,86.31338250816034,0,0.5133496460666026,405
0.6090771513514871,no_solution,3,10m,91.92388155425118,0,0.5111764816691979,405
1.5661769090696838,no_solution,4,10m,35.35533905932738,0,0.5698746801592735,405
0.12260133104354691,no_solution,5,10m,105.11898020814318,0,0.5004576650151624,405
0.6183596205048896,no_solution,0,10m,135.09256086106296,0,0.5115159027413051,425
0.6048176864904268,no_solution,1,10m,135.83077707206124,0,0.5110223753559567,425
0.44700415677364014,no_solution,2,10m,149.164338901763,0,0.5060502844522026,425
0.07661389564239098,no_solution,3,10m,115.10864433221339,0,0.5001787692066835,425
0.1250365144790174,no_solution,4,10m,114.23659658795863,0,0.5004760177518434,425
2.553169145974787,skipped_insufficient_features,0,1m,23.16246964380094,0,0.601534475305312,2
1.2958709796296852,no_solution,0,1m,92.64178322981483,0,0.5279998598839749,9
1.3571148780601399,no_solution,1,1m,71.8087738371851,0,0.5306315866990521,9
0.940981408415912,no_solution,2,1m,93.60822613424527,0,0.5149510721928543,9
1.5555307093379862,no_solution,3,1m,51.92783453986888,0,0.5398896854876399,9
3.0639227840684757,skipped_insufficient_features,0,1m,20.506096654409877,0,0.6412187888981249,10
2.895294551458019,skipped_insufficient_features,0,1m,21.783020910791965,0,0.627599152418695,12
1.6519148240340427,no_solution,0,1m,68.58935777509511,0,0.5447784517498473,20
1.5031190309707587,no_solution,1,1m,63.04363568196238,0,0.5373373335147011,20
2.5314824318575178,no_solution,2,1m,29.53811097548386,0,0.5999577654950365,20
1.4327688394652238,no_solution,0,1m,70.14627573863064,0,0.534031176336107,26
1.4242076867174815,no_solution,1,1m,52.90085065478626,0,0.5336383149613676,26
2.926182320371595,no_solution,2,1m,22.726636354727024,0,0.6300574254714321,26
2.044151886694865,no_solution,3,1m,27.90161285660741,0,0.5671501077800293,26
1.750863953138193,skipped_insufficient_features,0,1m,55.32178594369491,0,0.5500542274312538,36
0.9744423987194374,skipped_insufficient_features,1,1m,71.51573253487655,0,0.5160166807461978,36
2.325080990938,no_solution,0,1m,30.602287496198713,0,0.5854333145231331,48
1.4651959801406282,no_solution,1,1m,38.96793553679743,0,0.5355379242936096,48
0.9326408381547419,no_solution,2,1m,49.86481725625794,0,0.5146909223254292,48
1.7704485871885955,no_solution,0,1m,49.34065261019558,0,0.5511286738104841,51
1.6864659538227533,no_solution,1,1m,37.71604433129222,0,0.5465914400782573,51
2.6557805034974913,no_solution,2,1m,20.112185361118765,0,0.6091202508307542,51
0.9567477380379007,no_solution,3,1m,55.19510847892229,0,0.5154488036919448,51
1.3979241678132313,no_solution,0,1m,51.56064390598706,0,0.5324451564435934,54
0.9783436381556847,no_solution,1,1m,49.62358310319802,0,0.5161431997389659,54
2.1387615549227146,no_solution,2,1m,20.40833163195855,0,0.573107563334152,54
1.1823184387543328,no_solution,3,1m,28.609439001839934,0,0.5234109705277143,54
1.642669080170433,skipped_insufficient_features,0,1m,28.991378028648448,0,0.5442986743539494,77
0.7429121543125468,skipped_insufficient_features,1,1m,28.53944638566067,0,0.5093702326764554,77
1.3110196946088628,skipped_insufficient_features,0,1m,48.93362851863736,0,0.5286406979791154,89
2.328304871336196,skipped_insufficient_features,1,1m,21.27204738618265,0,0.5856532986869779,89
1.625776718479358,skipped_insufficient_features,0,1m,46.56715580750021,0,0.5434279908528877,95
2.612185507997035,skipped_insufficient_features,1,1m,23.42007685726074,0,0.605872313935199,95
1.756010717787257,skipped_insufficient_features,0,1m,50.284192347098504,0,0.550335629739561,103
3.4724983546647232,skipped_insufficient_features,1,1m,20.554804791094465,0,0.6761078126689514,103
1.4184075607875384,no_solution,0,1m,106.06837417439752,0,0.533373330761256,117
1.9370234222744482,no_solution,1,1m,60.054142238483436,0,0.5606599225239657,117
2.5351620667883044,no_solution,2,1m,39.12160528403711,0,0.6002246280348162,117
1.7936286350664752,skipped_insufficient_features,0,1m,87.75249284208398,0,0.552413103098386,136
0.8118201624020358,skipped_insufficient_features,1,1m,89.74686624055461,0,0.5111694329183667,136
2.280024706503926,no_solution,0,1m,78.92084642222231,0,0.5823823758074268,150
3.0100037180477925,no_solution,1,1m,46.15733961137708,0,0.6368114557892952,150
1.1020035031203639,no_solution,2,1m,117.52659273543158,0,0.5203976841708122,150
2.915632598580173,no_solution,3,1m,30.700162866017504,0,0.629215930179866,150
2.342445349288598,no_solution,0,1m,75.02332970483248,0,0.5866208213666437,151
2.7943053968154157,no_solution,1,1m,48.130032204435516,0,0.6196796333660843,151
0.9748368030048744,no_solution,2,1m,106.08722826052154,0,0.5160294498786954,151
1.929651781605471,no_solution,3,1m,43.617656975128774,0,0.5602235291873244,151
2.2726029412643993,solution,0,1m,66.98134068529832,1,0.5818840556112939,155
1.3212990485548046,solution,1,1m,114.30004374452356,1,0.5290793462450576,155
1.8461608901467679,solution,2,1m,80.32745483332582,0,0.5553745741319117,155
1.3156058152342374,solution,3,1m,101.1162697096763,1,0.5288360214112502,155
2.6124140336302952,solution,4,1m,47.71268175233918,1,0.6058892437495099,155
2.043368284184477,solution,5,1m,44.30011286667337,1,0.5671016391790553,155
2.1550755733242344,solution,0,1m,72.74957044546724,0,0.5741557386559166,161
2.692983121931588,solution,1,1m,43.41082814229648,1,0.6119207542095435,161
1.1172474415756488,solution,2,1m,101.74723583468987,1,0.5209546138891699,161
1.938842266900822,solution,3,1m,56.890245209526036,1,0.5607678005240134,161
2.070804032494134,solution,4,1m,36.776351096866584,0,0.568807248971051,161
1.9771008557974452,no_solution,0,1m,73.66478127300725,0,0.5630556157261996,164
2.756123153790892,no_solution,1,1m,40.99390198553927,0,0.6167334429621916,164
1.0359225532241925,no_solution,2,1m,107.77058968011634,0,0.5180655320949524,164
2.0017078578798517,no_solution,3,1m,34.763486591537394,0,0.5645457716651309,164
1.943034034175233,solution,0,1m,68.8367634335026,1,0.5610167271320542,175
2.1398033493427207,solution,1,1m,56.73182528352142,1,0.573174316743805,175
2.1708632587891534,solution,2,1m,42.69074841227312,1,0.5751758702879767,175
0.9016846861630897,solution,3,1m,102.27658578579948,0,0.5137445282112925,175
2.355859890002228,solution,4,1m,38.6846222677694,0,0.5875426272374418,175
1.931578764320856,solution,5,1m,27.97320146139873,1,0.5603374761900569,175
1.672515125382581,solution,0,1m,71.43178564196754,1,0.5458556023408089,178
2.091031576933069,solution,1,1m,50.936234646860186,1,0.5700760401307599,178
2.3355571442777636,solution,2,1m,36.9120576505835,0,0.5861489796629246,178
0.8129231664833101,solution,3,1m,101.32373858084787,0,0.5111994762383592,178
1.942836635753365,solution,4,1m,39.85599076675927,1,0.5610049950785808,178
1.6435568142427086,solution,5,1m,27.577164466275352,1,0.5443446415752073,178
1.8757123635986623,solution,0,1m,66.9215959164155,1,0.5570710598235318,194
2.4206972963909164,solution,1,1m,41.018288603987365,1,0.5920517473763044,194
1.8505928723817888,solution,2,1m,45.1275968781853,1,0.5556276109049887,194
2.0787629893247774,solution,3,1m,36.74914965002592,0,0.5693053420066272,194
2.71611400459312,solution,4,1m,22.327113561766108,1,0.61367519094988,194
0.31132928188089665,solution,5,1m,99.61174629530394,0,0.5016580829379663,194
0.8225571712578478,solution,6,1m,30.37268509697488,1,0.5114635436787847,194
1.4070216015486103,no_solution,0,1m,67.64983370267808,0,0.5328559231695318,196
2.3224614886908994,no_solution,1,1m,36.776351096866584,0,0.5852547352681369,196
1.5696749504068535,no_solution,2,1m,39.85599076675927,0,0.5405913816804164,196
3.2234256081265404,no_solution,3,1m,18.398369492974098,0,0.654533643989501,196
1.7128083166982826,solution,0,1m,66.81691402631522,1,0.5479948284323293,200
2.492527560617545,solution,1,1m,37.58324094593227,1,0.5971492937566106,200
1.8787794205397406,solution,2,1m,42.172265767919086,1,0.5572483816872629,200
1.712911107134622,solution,3,1m,39.654760117796705,0,0.5480003401976755,200
0.6774036078986726,solution,4,1m,98.56216312561327,0,0.5078025630447707,200
3.116433928327856,solution,5,1m,19.912307751739878,1,0.6455571408075115,200
0.7396240357084655,solution,6,1m,32.71849629796577,1,0.5092882167160271,200
1.38412464112149,no_solution,0,1m,66.57702306351644,0,0.531826577654728,204
2.274527314569401,no_solution,1,1m,33.26409475695979,0,0.5820131482281938,204
1.5431244059790608,no_solution,2,1m,35.16390194503448,0,0.5392787052541959,204
2.027323680186424,no_solution,3,1m,23.50531854708632,0,0.5661124178830109,204
1.3605495708178321,no_solution,0,1m,60.037488288568504,0,0.5307823868987114,210
2.317618914753211,no_solution,1,1m,29.300170647967224,0,0.5849249918102286,210
1.511421697106392,no_solution,2,1m,31.756889016400834,0,0.5377366143321979,210
1.410992762508113,no_solution,3,1m,27.613402542968153,0,0.5330359656664322,210
1.942119382860153,skipped_insufficient_features,0,1m,43.96020928066653,0,0.5609623743219325,223
2.8124854831230435,skipped_insufficient_features,1,1m,21.965882636488796,0,0.6210917893407004,223
2.3146994097240516,skipped_insufficient_features,0,1m,35.75611835756225,0,0.5847264394830514,229
2.747674678652694,skipped_insufficient_features,1,1m,22.94558781116753,0,0.616085173963263,229
3.4972892085124117,skipped_insufficient_features,0,1m,21.50581316760657,0,0.6783045647186075,246
1.5845039554985907,skipped_insufficient_features,1,1m,30.700162866017504,0,0.5413328925611753,246
3.5026491009600753,skipped_insufficient_features,0,1m,20.359273071502333,0,0.6787806477152954,249
1.6826220735854405,skipped_insufficient_features,1,1m,30.92733418838423,0,0.5463881819004778,249
4.626735148903817,skipped_insufficient_features,0,1m,15.116216457830975,0,0.7863829306354344,252
0.8983442106270233,skipped_insufficient_features,1,1m,29.231831964486933,0,0.5136442115379569,252
4.869827485039638,no_solution,0,1m,14.577379737113251,0,0.8113685626053944,258
0.9049146469481076,no_solution,1,1m,42.90104893822527,0,0.5138418616232175,258
0.29649553918874055,no_solution,2,1m,45.63441683641854,0,0.501504071989164,258
5.256409313364383,no_solution,0,1m,17.10263137648707,0,0.8521144141076961,273
1.0081926847001552,no_solution,1,1m,48.74935897014442,0,0.5171269037569949,273
1.0554526490178133,no_solution,2,1m,44.52527372178637,0,0.5187408508848754,273
1.2569310899386583,no_solution,3,1m,35.75611835756225,0,0.5263833509457171,273
2.845913080623452,solution,0,1m,38.58108344772085,1,0.6237038933852386,313
1.5417187493112958,solution,1,1m,48.52319033204639,1,0.5392097458007603,313
1.7252813428629283,solution,2,1m,35.106979363083916,1,0.5486656630194207,313
0.34059331543526894,solution,3,1m,57.27564927611035,1,0.5019838052313295,313
2.562240530007758,no_solution,0,1m,39.75550276376844,0,0.6021967772839634,316
1.047759921913501,no_solution,1,1m,52.502380898393554,0,0.5184734472268306,316
1.1785360015738573,no_solution,2,1m,38.451267859460756,0,0.5232647016691373,316
0.04760957983525081,no_solution,3,1m,59.434838268476845,0,0.5000388373235263,316
2.1538757173732437,no_solution,0,1m,43.34166586553867,0,0.5740784409745896,317
1.143024401710633,no_solution,1,1m,52.502380898393554,0,0.5219123945026622,317
1.5869777432982366,no_solution,2,1m,21.552262062252307,0,0.5414571725669424,317
0.3154972815789528,no_solution,3,1m,59.73692325521963,0,0.5017027011885237,317
2.504353776969134,skipped_insufficient_features,0,1m,41.8867520822515,0,0.5979986735079246,326
2.4713562099911734,skipped_insufficient_features,1,1m,18.506755523321747,0,0.5956358294298034,326
2.7110916932207205,skipped_insufficient_features,0,1m,44.5926002830066,0,0.6132934021779253,330
2.6097699844536777,skipped_insufficient_features,1,1m,24.13503677229434,0,0.6056934273912019,330
2.2133727258644544,no_solution,0,1m,58.02154772151464,0,0.5779506456015054,347
2.4061064489301405,no_solution,1,1m,30.53686296920494,0,0.5910293242788814,347
1.9556689566316503,no_solution,2,1m,30.504098085339287,0,0.5617696375325697,347
2.1842492968123226,no_solution,0,1m,57.900777196856346,0,0.5760452441680275,350
2.227181549096252,no_solution,1,1m,30.53686296920494,0,0.5788607230648065,350
2.232581247213001,no_solution,2,1m,29.77414986191881,0,0.579217747420288,350
1.7196444325865015,no_solution,3,1m,32.53459696999488,0,0.5483619914752221,350
1.6413418555905417,skipped_insufficient_features,0,1m,70.23175919767353,0,0.5442299893292785,355
1.9011717112113817,skipped_insufficient_features,1,1m,60.22042842756933,0,0.5585500682937279,355
1.3007213140179312,skipped_insufficient_features,0,1m,77.86205751198719,0,0.5282043169740743,362
1.4229309430382495,skipped_insufficient_features,1,1m,34.4746283518764,0,0.5335799040653457,362
1.4014581445820964,no_solution,0,1m,34.8209706929603,0,0.5326044429350819,397
3.8743733044306756,no_solution,1,1m,11.423659658795863,0,0.7127352628123291,397
0.6081155379078813,no_solution,2,1m,70.657625207758,0,0.5062973199949571,397
2.083131682495051,no_solution,3,1m,19.03943276465977,0,0.5695793758151468,397
1.3046236474270676,skipped_insufficient_features,0,1m,39.12160528403711,0,0.5283693103314138,398
0.6348445368791577,skipped_insufficient_features,1,1m,73.63762625180146,0,0.5068592842825761,398
1.5118608351283016,no_solution,0,1m,33.1436268383531,0,0.5377577858503496,399
3.8056989775521535,no_solution,1,1m,12.020815280171307,0,0.7063285025663012,399
2.265589217380335,no_solution,2,1m,17.902513789968157,0,0.5814142413636925,399
1.5211483502926435,skipped_insufficient_features,0,1m,36.93913913452776,0,0.5382067981789471,402
0.660936604948576,skipped_insufficient_features,1,1m,72.74957044546724,0,0.5074305385091764,402
1.6005478078572477,skipped_insufficient_features,0,1m,34.677081768799404,0,0.5421418600085632,405
0.5759345788033643,skipped_insufficient_features,1,1m,74.91662031885849,0,0.5056520381861135,405
1.0378145646340873,skipped_insufficient_features,0,1m,95.50130889155395,0,0.5181304407280782,425
1.373928561754016,skipped_insufficient_features,1,1m,61.094189576423716,0,0.5313730186513047,425
1.2401327201251722,skipped_insufficient_features,0,2m,55.226805085936306,0,0.5291427856080911,2
2.5054954252413184,skipped_insufficient_features,1,2m,23.53720459187964,0,0.6103600772357483,2
1.2729324675370621,no_solution,0,2m,94.2019108086455,0,0.5306600541578157,9
1.3842408534388657,no_solution,1,2m,71.17583859709698,0,0.53606934269412,9
1.3627403376895146,no_solution,2,2m,71.5122367151245,0,0.5349934792726783,9
1.5348265438257336,no_solution,3,2m,52.630789467763066,0,0.5440104941487995,9
1.2459916819809087,no_solution,0,2m,77.1621668954417,0,0.5294112197806776,10
1.145565212352877,no_solution,1,2m,72.069410986909,0,0.5249677773198493,10
0.8843713098730327,no_solution,2,2m,91.18113840043894,0,0.5150243782644126,10
2.9883501088503097,no_solution,3,2m,21.02379604162864,0,0.6514720096555036,10
1.2200980976779388,no_solution,0,2m,91.44397191723465,0,0.5282334396558376,12
1.2902849037799722,no_solution,1,2m,75.16648189186454,0,0.5314769935040367,12
0.948463767189579,no_solution,2,2m,88.60022573334675,0,0.5172437029642705,12
2.9040423481957998,no_solution,3,2m,21.587033144922902,0,0.6439694703775527,12
0.5639477766912023,no_solution,4,2m,68.65857557508748,0,0.506162718290679,12
1.5146290631591068,no_solution,0,2m,85.61541917201598,0,0.542904714212755,20
1.6100706250066397,no_solution,1,2m,71.17583859709698,0,0.5482384294384307,20
1.548104601899511,no_solution,2,2m,60.41522986797286,0,0.544744200448156,20
1.1216824168139459,no_solution,3,2m,80.4114419718985,0,0.5239608465503608,20
2.6001150241754454,no_solution,4,2m,28.600699292150182,0,0.6180473339656797,20
1.3013904033577013,no_solution,0,2m,78.44743462982075,0,0.5320049759673648,26
1.3664429491784251,no_solution,1,2m,56.302753041036986,0,0.5351777052202292,26
0.8280292710138745,no_solution,2,2m,78.29431652425353,0,0.5131945239881693,26
1.9940824726609012,no_solution,3,2m,28.600699292150182,0,0.5723494768384013,26
0.24863387583034335,no_solution,4,2m,69.00724599634447,0,0.5012037555193313,26
1.4248138521750517,no_solution,0,2m,70.21395872616783,0,0.5381394430104285,36
1.7380306193679713,no_solution,1,2m,55.731499172371095,0,0.5558122259387717,36
1.7839462500756602,no_solution,2,2m,47.43416490252569,0,0.5586446982180276,36
0.9767919195055466,no_solution,3,2m,71.34423592694787,0,0.5182708879145494,36
1.4179548500655996,no_solution,0,2m,40.22437072223753,0,0.5377858436518873,48
1.6748712351834671,no_solution,1,2m,33.37663853655727,0,0.5520143697475751,48
0.9201998500235062,no_solution,2,2m,50.53711507397311,0,0.5162470461842017,48
1.7478848947556633,no_solution,0,2m,49.9799959983992,0,0.5564150889800118,51
1.718399769107163,no_solution,1,2m,37.013511046643494,0,0.5546195108675565,51
0.9558890528741607,no_solution,2,2m,55.226805085936306,0,0.5175102158087304,51
3.0126631386646037,no_solution,3,2m,17.4928556845359,0,0.6536594338419927,51
1.5365974827335913,no_solution,4,2m,34.20526275297414,0,0.544108042046957,51
2.396802053576033,no_solution,0,2m,29.966648127543394,0,0.601768968124,54
1.368508290832095,no_solution,1,2m,52.55473337388365,0,0.5352806575802714,54
1.5427772168001777,no_solution,2,2m,35.805027579936315,0,0.5444491830998692,54
2.155420365263454,no_solution,3,2m,20.248456731316587,0,0.5836595794533284,54
1.6037033528026368,no_solution,0,2m,29.698484809834994,0,0.5478740919649862,77
0.6835608255442274,no_solution,1,2m,48.76474136094644,0,0.5090287311088788,77
0.6325579492171268,no_solution,2,2m,31.144823004794873,0,0.5077414358518988,77
1.2961176168660073,skipped_insufficient_features,0,2m,49.49747468305833,0,0.5317537953068813,89
0.23348381374903276,skipped_insufficient_features,1,2m,86.03487664894976,0,0.5010616765831856,89
1.6075889459480945,no_solution,0,2m,47.095647357266465,0,0.5480962836882233,95
2.856614486182822,no_solution,1,2m,21.587033144922902,0,0.6398063858225314,95
0.9203576662063788,no_solution,2,2m,38.600518131237564,0,0.5162525326812459,95
0.24923633188445268,no_solution,3,2m,86.4060183089118,0,0.5012095891685676,95
1.7667711384448566,no_solution,0,2m,49.9799959983992,0,0.5575782113014437,103
3.5160216863769427,no_solution,1,2m,20.248456731316587,0,0.7011546766984846,103
0.46587814694373514,no_solution,2,2m,90.78546139112804,0,0.504213784796127,103
1.071257723490479,no_solution,3,2m,37.33630940518894,0,0.5218985855590739,103
1.470871010409865,no_solution,0,2m,104.20172743289815,0,0.5405518793144786,117
1.9149725718366353,no_solution,1,2m,60.74537019394976,0,0.567049968267476,117
2.9217634110813626,no_solution,2,2m,34.20526275297414,0,0.6455356977001134,117
0.8528469879303823,no_solution,3,2m,94.62557793746889,0,0.5139864961506291,117
0.5967322007880073,no_solution,4,2m,105.99056561788883,0,0.5068951042043887,117
1.7930087644479218,no_solution,0,2m,87.78382538941898,0,0.5592107752807233,136
1.6603451140461667,no_solution,1,2m,66.70832032063167,0,0.5511572215265615,136
0.823776594776582,no_solution,2,2m,90.91754506144565,0,0.5130610425636944,136
2.260272891280939,solution,0,2m,79.61155694998057,1,0.5913567156295849,150
2.056058880177688,solution,1,2m,79.71198153351854,1,0.5766157445761968,150
1.1448925831211025,solution,2,2m,125.41929676090518,1,0.5249391544417858,150
2.9732712723249612,solution,3,2m,46.75467891024384,0,0.6501206843832381,150
1.1697628006459588,solution,4,2m,109.80892495603443,0,0.5260076094063021,150
2.0812933091548773,solution,5,2m,44.654227123532216,0,0.5783810707397372,150
1.2323950009231646,solution,6,2m,72.12489168102785,1,0.5287900085147434,150
2.338032120493864,solution,0,2m,75.16648189186454,1,0.59723411257812,151
1.8460615550252533,solution,1,2m,80.11242100947892,1,0.5625705441313835,151
2.712969317960628,solution,2,2m,49.57822102496216,0,0.627459708644642,151
1.5927090774464965,solution,3,2m,79.30952023559341,1,0.5472478354237081,151
1.6815811258413114,solution,4,2m,68.30812543175226,1,0.5524123766474605,151
1.6616718961726031,solution,5,2m,67.89698078707183,1,0.5512352560284963,151
0.9342288121150528,solution,6,2m,117.41379816699569,0,0.516738211762178,151
1.0113659503529115,solution,7,2m,104.7377677822093,0,0.519562649191449,151
2.4240578626043123,solution,8,2m,41.10960958218893,1,0.6038986558641766,151
1.9015596955372003,solution,9,2m,44.294469180700204,0,0.5661679967075824,151
2.2963587124042717,solution,0,2m,66.2872536767062,0,0.5940666430612699,155
1.3224297598865786,solution,1,2m,114.20157617125956,0,0.5330161982312978,155
2.0244653860514186,solution,2,2m,73.00684899377592,1,0.5744285330872494,155
1.820399100978958,solution,3,2m,80.95677859203639,1,0.5609356207363076,155
1.3248574645723337,solution,4,2m,100.40916292848975,0,0.5331338023122266,155
2.651321838066362,solution,5,2m,47.01063709417264,0,0.6222858997670399,155
2.103127340433822,solution,6,2m,43.01162633521314,0,0.5799215443876002,155
0.9621486408598158,solution,7,2m,88.60022573334675,1,0.5177363967554416,155
2.1950354396682106,solution,8,2m,37.12142238654117,1,0.5865363569163957,155
0.39939275802738283,solution,9,2m,112.40106761058811,0,0.5031003076063431,155
2.148177316067245,solution,0,2m,73.00684899377592,1,0.5831377731482048,161
1.9107712255145457,solution,1,2m,73.06161783043132,1,0.5667731853286091,161
2.7800464468384467,solution,2,2m,41.400483088968905,0,0.6331753107528819,161
1.1250089419348748,solution,3,2m,101.04454463255303,0,0.5240999394834663,161
1.8824058159925554,solution,4,2m,58.463663928973865,1,0.5649169458555983,161
0.8246364443035228,solution,5,2m,94.62557793746889,1,0.513087978532602,161
2.037673794797556,solution,6,2m,37.013511046643494,0,0.5753398249446587,161
1.8824606118803038,solution,7,2m,38.07886552931954,1,0.5649205107072156,161
1.9710518594744353,solution,0,2m,73.824115301167,1,0.570789591977827,164
2.868158621550799,solution,1,2m,39.11521443121589,0,0.6408158229133147,164
1.022550046466868,solution,2,2m,107.89810007595129,0,0.5199894299209076,164
1.941574178599222,solution,3,2m,53.16013544000805,1,0.5688134505432096,164
0.7252414471419315,solution,4,2m,133.09395177843356,1,0.5101521850135565,164
2.0539719812083157,solution,5,2m,33.97057550292606,0,0.5764704783927664,164
1.6346833360446584,solution,6,2m,41.10960958218893,1,0.5496580716652621,164
1.9479747051154888,no_solution,0,2m,68.65857557508748,0,0.5692405746138425,175
2.1139361959621126,no_solution,1,2m,57.42821606144492,0,0.5806885925368982,175
2.1547094395502473,no_solution,2,2m,43.01162633521314,0,0.5836083053383408,175
0.8823846832401349,no_solution,3,2m,105.11898020814318,0,0.5149579220760298,175
2.649279683977318,no_solution,4,2m,34.20526275297414,0,0.6221158299495416,175
0.9956933363490781,no_solution,5,2m,90.21086409075129,0,0.5189719137147341,175
1.9157631245545192,no_solution,6,2m,28.178005607210743,0,0.5671021025849776,175
1.700733740617176,solution,0,2m,70.21395872616783,1,0.5535556203982952,178
2.09504971881695,solution,1,2m,50.774009099144415,1,0.5793502353323363,178
2.3065855679638108,solution,2,2m,37.33630940518894,0,0.5948402125021435,178
0.7931512644171969,solution,3,2m,104.20172743289815,0,0.5121191068047134,178
0.9169127419523043,solution,4,2m,87.46427842267951,0,0.5161329703341936,178
1.975704476089481,solution,5,2m,39.21734310225516,1,0.571103595028604,178
1.5626189400680233,solution,6,2m,28.460498941515414,0,0.5455523198266964,178
1.863346644717694,solution,0,2m,67.36467917239716,1,0.5636819741004988,194
2.4193688407422127,solution,1,2m,41.012193308819754,1,0.6035310836682831,194
1.7154535748064705,solution,2,2m,47.265209192385896,1,0.5544414606640954,194
0.7316624696544879,solution,3,2m,110.06361796706484,1,0.5103309397634006,194
2.0059772930366724,solution,4,2m,38.07886552931954,0,0.5731605610163865,194
2.6133906189656906,solution,5,2m,23.021728866442675,1,0.6191409926435641,194
0.3332404005055927,solution,6,2m,96.79876032264049,0,0.5021603423831816,194
0.8159859419222573,solution,7,2m,27.313000567495326,0,0.5128182072433775,194
1.4169071736212582,no_solution,0,2m,67.06713054842886,0,0.5377319632731942,196
2.3207411200487984,no_solution,1,2m,36.796738985948195,0,0.5959149780131707,196
0.6598447930168919,no_solution,2,2m,97.41663102366043,0,0.5084181381680875,196
1.521654704750394,no_solution,3,2m,41.10960958218893,0,0.543287947114292,196
2.7662331489950382,no_solution,4,2m,21.213203435596427,0,0.6319910610051653,196
1.6989232454426837,solution,0,2m,67.36467917239716,1,0.5534470957852843,200
2.4523826210934274,solution,1,2m,38.07886552931954,1,0.6061294393239303,200
0.8882899986273621,solution,2,2m,96.42613753542138,0,0.5151558785208201,200
1.7331646776329535,solution,3,2m,39.11521443121589,0,0.5555155584711114,200
0.674094457540374,solution,4,2m,99.04544411531506,1,0.5087825120589196,200
2.822332783197435,solution,5,2m,21.95449840010015,1,0.6368235952416827,200
0.7713923001960857,solution,6,2m,70.21395872616783,1,0.5114705580006127,200
0.6678255223952242,solution,7,2m,33.97057550292606,1,0.5086212837998273,200
1.371606654785156,no_solution,0,2m,67.1863081289633,0,0.5354353584499717,204
2.2233765104781016,no_solution,1,2m,33.97057550292606,0,0.5886178906798489,204
1.5295171186059258,no_solution,2,2m,35.35533905932738,0,0.5437186082717054,204
2.090815204848444,no_solution,3,2m,22.67156809750927,0,0.5790513963990068,204
1.3593282575738863,no_solution,0,2m,60.01666435249463,0,0.5348240961830812,210
2.274695757914676,no_solution,1,2m,29.832867780352597,0,0.5924361395941342,210
1.509114522603602,no_solution,2,2m,31.906112267087636,0,0.542604964659136,210
1.418866050000488,no_solution,3,2m,27.459060435491963,0,0.5378327332956016,210
1.9526252802390947,no_solution,0,2m,43.657759905886145,0,0.5695516025451423,223
2.8684564219307,no_solution,1,2m,21.213203435596427,0,0.6408418961820107,223
1.0176559789056716,no_solution,2,2m,46.06517122512408,0,0.5198021393255697,223
2.3334641193770738,no_solution,0,2m,35.4682957019364,0,0.5968849465994864,229
2.675705268891194,no_solution,1,2m,23.194827009486403,0,0.624323111008967,229
0.6700827699088648,no_solution,2,2m,49.33558553417604,0,0.5086791693196099,229
3.5084916366471375,no_solution,0,2m,21.400934559032695,0,0.7004152221370259,246
1.5491031999890064,no_solution,1,2m,31.400636936215164,0,0.5447995959073408,246
0.7641702474405617,no_solution,2,2m,56.72741841473134,0,0.511259108818638,246
0.32242609919863113,no_solution,3,2m,65.92419889539804,0,0.5020226777890284,246
3.8840402551197393,skipped_insufficient_features,0,2m,18.384776310850235,0,0.7382467047948483,249
1.7214402517245244,skipped_insufficient_features,1,2m,30.23243291566195,0,0.5548035203384113,249
4.001550319436393,no_solution,0,2m,17.4928556845359,0,0.7504585249327018,252
1.604303264523274,no_solution,1,2m,35.4682957019364,0,0.5479083677063695,252
1.549617333251807,no_solution,2,2m,29.427877939124322,0,0.5448281282981762,252
0.04209358263980482,no_solution,3,2m,59.07622195096772,0,0.500034542331324,252
5.2335546285193155,solution,0,2m,13.038404810405298,1,0.8871123304972259,258
0.9026200736781427,solution,1,2m,43.01162633521314,1,0.5156414186562318,258
1.1859959115844152,solution,2,2m,31.78049716414141,0,0.5267162035863924,258
0.30002334198372216,solution,3,2m,45.09988913511872,0,0.5017518325490249,258
0.13943631365957837,solution,4,2m,56.302753041036986,0,0.5003788991983984,258
0.04099679777768777,solution,5,2m,53.75872022286245,1,0.5000327657791022,258
0.3238803020119456,solution,6,2m,85.61541917201598,1,0.5020409274727435,258
5.24363717308309,no_solution,0,2m,17.029386365926403,0,0.888285341920013,273
0.9459548065279091,no_solution,1,2m,51.78802950489621,0,0.5171540891037223,273
1.2038702115882687,no_solution,2,2m,37.33630940518894,0,0.5275066215607714,273
0.2940840464784502,no_solution,3,2m,71.56814934033156,0,0.5016832741177685,273
2.803222001334054,no_solution,0,2m,39.11521443121589,0,0.6351705314622228,313
1.3418377462149398,no_solution,1,2m,51.478150704935004,0,0.5339616745823548,313
1.7362687297980786,no_solution,2,2m,34.20526275297414,0,0.5557047287958143,313
0.33643283651642125,no_solution,3,2m,57.982756057296896,0,0.5022018424959918,313
2.5973296821847303,no_solution,0,2m,39.11521443121589,0,0.6178183402687597,316
1.0737288680214097,no_solution,1,2m,51.0098029794274,0,0.5219976238240567,316
1.18406080443747,no_solution,2,2m,38.07886552931954,0,0.5266312709644143,316
0.0476255776928819,no_solution,3,2m,59.413803110051795,0,0.5000442177071885,316
2.12572613161252,no_solution,0,2m,43.93176527297759,0,0.5815285996614855,317
1.1320632321839337,no_solution,1,2m,53.009433122794285,0,0.5243961437688768,317
1.6271275421774145,no_solution,2,2m,21.02379604162864,0,0.5492203548934244,317
0.30010376250422255,no_solution,3,2m,58.25804665451803,0,0.5017527702002902,317
2.4657009357733046,skipped_insufficient_features,0,2m,42.5440947723653,0,0.6071844908943996,326
2.777460893581274,no_solution,0,2m,43.56604182158393,0,0.6329533618572161,330
1.2175200270702138,no_solution,1,2m,65.00769185258002,0,0.5281173886094052,330
0.22264464938276057,no_solution,2,2m,92.66067126888301,0,0.5009654827188141,330
0.1865306582289903,no_solution,3,2m,54.12947441089743,0,0.5006778661220803,330
2.1615093686605302,no_solution,0,2m,59.413803110051795,0,0.5840992473594883,347
2.463066059503329,no_solution,1,2m,29.832867780352597,0,0.6069754511117715,347
1.924857147146767,no_solution,2,2m,31.016124838541646,0,0.5677030291654106,347
0.43906626439483354,no_solution,3,2m,81.25269226308751,0,0.5037444556505343,347
2.1581383765128193,solution,0,2m,58.60034129593445,1,0.583855725620808,350
2.183129319541503,solution,1,2m,31.016124838541646,1,0.5856677178476598,350
1.7593758882122188,solution,2,2m,31.144823004794873,0,0.5571215665364743,350
0.599625668825265,solution,3,2m,85.61541917201598,0,0.506961677647116,350
0.264120488327025,solution,4,2m,97.49871794028884,1,0.5013581745783425,350
0.30289319310795404,solution,5,2m,79.76214641043707,1,0.5017854476013434,350
0.038213546335709704,solution,6,2m,115.80155439371269,1,0.5000284680133947,350
1.6353172850845126,no_solution,0,2m,70.83784299369935,0,0.5496948736595315,355
1.8950576117168032,no_solution,1,2m,60.41522986797286,0,0.5657421945122928,355
1.4513465839075843,no_solution,2,2m,50.695167422546305,0,0.5395211394840578,355
1.4798278392120399,no_solution,3,2m,35.6931365951495,0,0.5410286823266359,355
0.057183598941588754,no_solution,4,2m,108.60018416190647,0,0.5000637456103695,355
1.316178481974068,no_solution,0,2m,76.8505042273634,0,0.5327142460922645,362
0.4567663420810138,no_solution,1,2m,60.74537019394976,0,0.5040512163095163,362
0.2556728373851959,no_solution,2,2m,79.00632886041473,0,0.501272791428422,362
0.003886316788557008,no_solution,3,2m,100.7670581092849,0,0.5000002944496077,362
0.6617833669580142,no_solution,0,2m,89.1403387922662,0,0.5084672664274597,397
1.4076129338119414,no_solution,1,2m,34.66987164671943,0,0.5372554865251541,397
0.5641389934372835,no_solution,2,2m,74.09453421137081,0,0.5061668729682548,397
0.627576700068044,no_solution,0,2m,85.61541917201598,0,0.5076208937090326,398
1.2816744772933888,no_solution,1,2m,39.824615503479755,0,0.5310703939418071,398
0.528800651216141,no_solution,2,2m,91.92388155425118,0,0.5054224400655115,398
0.6782228818024775,no_solution,3,2m,71.34423592694787,0,0.5088894841463913,398
0.577464502884698,no_solution,0,2m,88.60022573334675,0,0.5064597881914255,399
0.5471572397643574,no_solution,1,2m,93.13431161500041,0,0.5058032646039086,399
1.5245553517454553,no_solution,2,2m,33.015148038438355,0,0.5434466099505205,399
0.7046518893052518,no_solution,3,2m,43.56604182158393,0,0.5095892146874872,399
1.4625451089759347,no_solution,0,2m,38.28837943815329,0,0.5401108890851728,402
0.6629231477040824,no_solution,1,2m,73.824115301167,0,0.5084962163713322,402
0.5113928699258072,no_solution,2,2m,93.64827814754524,0,0.5050730539662494,402
0.4819935030570721,no_solution,3,2m,89.31965069345043,0,0.5045090361760537,402
0.4260941660483596,no_solution,4,2m,92.9623579735368,0,0.5035272215588222,402
0.6426018902822074,no_solution,0,2m,91.6624241442479,0,0.5079873012781242,405
0.631341764890082,no_solution,1,2m,89.00561780022652,0,0.5077119198728439,405
1.5630348982188231,no_solution,2,2m,35.4682957019364,0,0.545575572904857,405
0.5641357853332819,no_solution,3,2m,76.48529270389177,0,0.5061668032525726,405
1.0309727024256983,no_solution,0,2m,96.13532129243653,0,0.5203137018505178,425
0.8693555597109234,no_solution,1,2m,99.48869282486326,0,0.5145255719778493,425
1.3985389450576435,no_solution,2,2m,59.682493245507096,0,0.5367929270826635,425
1.2882972095754541,skipped_insufficient_features,0,5m,53.033008588991066,0,0.5276819737258052,2
2.471358503087567,skipped_insufficient_features,1,5m,23.717082451262844,0,0.5956359928598657,2
1.286186524142396,no_solution,0,5m,93.34077351297235,0,0.527593682547281,9
1.3772069073193192,no_solution,1,5m,68.28250141873832,0,0.5315185273030707,9
1.0234811999922673,no_solution,2,5m,88.670739254841,0,0.5176414631044459,9
2.7153328010503395,no_solution,3,5m,22.638462845343543,0,0.6136157739238381,9
1.0537124888871916,no_solution,0,5m,99.05806378079474,0,0.5186802026468238,10
1.1519828776675853,no_solution,1,5m,82.53787009609589,0,0.5222499612947606,10
0.9093707511752627,no_solution,2,5m,88.670739254841,0,0.5139766855334935,10
2.70700425497058,no_solution,3,5m,22.638462845343543,0,0.6129830306778387,10
1.205942347925784,no_solution,0,5m,88.38834764831844,0,0.5243341936624352,12
1.3318325211511652,no_solution,1,5m,66.04922406811453,0,0.5295320160364897,12
0.9477241259320394,no_solution,2,5m,88.670739254841,0,0.5151629807451984,12
1.51973845471216,no_solution,0,5m,85.51315688243535,0,0.5381384824542189,20
1.677342545337388,no_solution,1,5m,67.54628043053148,0,0.5461096439219021,20
1.2632860141601865,no_solution,2,5m,87.82084035125148,0,0.5266441259753954,20
1.5346064762640865,no_solution,3,5m,61.74544517614235,0,0.5388616588094464,20
1.1417706959335205,no_solution,4,5m,77.54031209635411,0,0.5218653463758665,20
1.0368695311235665,no_solution,5,5m,33.354160160315836,0,0.5180980059627139,20
1.2701988247415281,no_solution,0,5m,79.45124291035351,0,0.5269291415270925,26
1.3368380318592392,no_solution,1,5m,57.554322166106694,0,0.5297482499594407,26
3.011018624061192,no_solution,2,5m,21.50581316760657,0,0.6368939652611112,26
1.9992686674864275,no_solution,3,5m,28.50438562747845,0,0.5643974095725567,26
0.2337771777018085,no_solution,4,5m,72.54309064273454,0,0.5009355783815546,26
2.000244040368665,skipped_insufficient_features,0,5m,49.11720676097125,0,0.5644567188654556,36
1.02904812197824,skipped_insufficient_features,1,5m,68.6476510887299,0,0.5178306230422974,36
0.9671580404067199,skipped_insufficient_features,0,5m,48.088460154178364,0,0.5157817175580892,48
0.4861725497613175,skipped_insufficient_features,1,5m,58.8430114796991,0,0.5040339506268635,48
2.781572475747445,no_solution,0,5m,27.613402542968153,0,0.6186941746658745,51
1.6633309872678201,no_solution,1,5m,36.9120576505835,0,0.5453739914090668,51
0.9305389574215139,no_solution,2,5m,56.67892024377317,0,0.5146257078209817,51
2.377686931775287,no_solution,0,5m,30.20761493398643,0,0.5890506949704456,54
1.4627632855272552,no_solution,1,5m,49.11720676097125,0,0.535423864126222,54
1.4511600531888007,no_solution,2,5m,36.9120576505835,0,0.5348821116495718,54
0.9783436381556847,no_solution,3,5m,49.62358310319802,0,0.5161431997389659,54
0.3140381001503843,no_solution,4,5m,61.74544517614235,0,0.5016870136599032,54
1.3665339799945466,no_solution,0,5m,48.088460154178364,0,0.5310459415403622,77
0.6786288680023614,no_solution,1,5m,49.11720676097125,0,0.5078305992908061,77
0.496824311812176,no_solution,2,5m,32.59601202601324,0,0.5042119125200784,77
0.05002040769378792,no_solution,3,5m,63.73774391990981,0,0.5000428699837738,77
1.3316666780583997,no_solution,0,5m,48.088460154178364,0,0.529524864146818,89
3.327885504792846,no_solution,1,5m,14.577379737113251,0,0.6634694336892966,89
0.23008859719162483,no_solution,2,5m,82.23442101699264,0,0.5009063140127813,89
1.5916420018905095,solution,0,5m,47.56574397610112,1,0.541691949713089,95
3.3457980759622363,solution,1,5m,17.67766952966369,1,0.665018280731364,95
0.8986055547323452,solution,2,5m,39.528470752104745,0,0.5136520471441453,95
0.226657797667487,solution,3,5m,108.91510455395982,1,0.5008795110965476,95
0.23978336306085288,solution,4,5m,81.62413858657254,1,0.5009842222866203,95
0.2006868115776797,solution,5,5m,93.34077351297235,1,0.5006896346579417,95
0.005097470481439259,solution,6,5m,74.5821694508815,0,0.5000004452321428,95
0.06923512148601463,solution,7,5m,96.50129532809392,1,0.5000821286975086,95
0.3102718757404889,solution,8,5m,93.60822613424527,0,0.5016468571976123,95
1.744410159871953,no_solution,0,5m,50.62114182829147,0,0.5497023302186292,103
1.1818759913044639,no_solution,1,5m,34.8209706929603,0,0.5233938387299307,103
0.426788801662891,no_solution,2,5m,95.19716382329885,0,0.5031115024534997,103
1.4808096253224485,no_solution,0,5m,103.50120772242225,0,0.5362739269170103,117
1.3621662164530575,no_solution,1,5m,109.60155108391487,0,0.530853482995988,117
0.896676806256015,no_solution,2,5m,155.92466129512675,0,0.5135942703867197,117
1.8210445097254075,no_solution,3,5m,60.518592184551025,0,0.5539499374395781,117
1.9040404423277328,no_solution,4,5m,49.62358310319802,0,0.5587177274790226,117
3.289012424583062,no_solution,5,5m,27.613402542968153,0,0.6601247287637757,117
0.8620980138705227,no_solution,6,5m,93.60822613424527,0,0.5125784584293671,117
1.4702467837076207,no_solution,7,5m,45.96194077712559,0,0.5357752664782582,117
0.5831586093737504,no_solution,8,5m,108.45505981741931,0,0.5057939085756193,117
1.7751802609233387,no_solution,0,5m,88.670739254841,0,0.5513897419937066,136
1.293453352648736,no_solution,1,5m,103.50120772242225,0,0.52789820536239,136
0.9189119198923942,no_solution,2,5m,138.6091627562911,0,0.5142674714330733,136
1.639765783878656,no_solution,3,5m,67.54628043053148,0,0.54414848726961,136
0.8813870945313732,no_solution,4,5m,79.45124291035351,0,0.5131404279344546,136
2.2559571472182025,solution,0,5m,79.76528066771908,1,0.5807707978563013,150
2.113523870756038,solution,1,5m,77.54031209635411,1,0.5714980636383717,150
1.1528716269559478,solution,2,5m,124.54918707081151,1,0.5222835823959052,150
3.2638175103905613,solution,3,5m,42.573465914816005,0,0.657969132539709,150
1.1614856073839581,solution,4,5m,110.51018052650171,0,0.5226106785325431,150
1.0038457015117928,solution,5,5m,112.30538722608101,0,0.5169819218618723,150
2.0042969431949516,solution,6,5m,46.502688094345686,1,0.5647034068464667,150
1.2747845443419614,solution,7,5m,69.73162840490677,0,0.5271189846686126,150
2.70026966081459,solution,8,5m,32.59601202601324,0,0.6124723382105423,150
0.5609201731204713,solution,9,5m,116.67261889578035,0,0.5053627105603747,150
0.37982539056025566,solution,10,5m,133.08831654206165,0,0.502465973083177,150
0.33128075593537215,solution,11,5m,100.0624804809475,0,0.5018770029289555,150
0.16349017764932358,solution,12,5m,97.78803607803972,0,0.5004577877652554,150
2.4111706465509544,solution,0,5m,72.88689868556625,1,0.5913836837228753,151
1.8613826880099684,solution,1,5m,79.45124291035351,1,0.5562456967898897,151
1.4753025202489163,solution,2,5m,95.72094859538323,1,0.5360135540668971,151
2.7165874441208495,solution,3,5m,49.62358310319802,0,0.6137112055305745,151
1.048541429390748,solution,4,5m,128.6953767623375,0,0.5185005298081061,151
1.186570039288805,solution,5,5m,99.56153875869938,1,0.5235758932819987,151
1.6351396939455545,solution,6,5m,68.6476510887299,1,0.5439096450901078,151
0.9401511275747465,solution,7,5m,116.67261889578035,0,0.5149250770188809,151
1.0306389000311864,solution,8,5m,102.77402395547233,0,0.5178848524308657,151
2.8081393629343236,solution,9,5m,32.59601202601324,0,0.6207536546139466,151
0.6599807673949392,solution,10,5m,133.83758814324173,0,0.5074092170719456,151
2.1999736757665764,solution,11,5m,36.9120576505835,1,0.5770716471975076,151
0.13678744672962093,solution,12,5m,92.53377761660873,0,0.5003205030951705,151
2.217612183080801,solution,0,5m,68.6476510887299,1,0.5782295968347868,155
1.2983586854676978,solution,1,5m,114.50982490598787,0,0.5281046389743859,155
1.8061533302409583,solution,2,5m,79.45124291035351,1,0.5531128214142361,155
1.2933151405555843,solution,3,5m,102.5304832720494,0,0.5278923990796687,155
1.3637028874330084,solution,4,5m,96.50129532809392,1,0.530921131548515,155
2.656317028830925,solution,5,5m,45.96194077712559,0,0.6091604512916197,155
2.0387038296676976,solution,6,5m,58.8430114796991,1,0.5668134263817067,155
0.882697952022223,solution,7,5m,128.50097275896397,0,0.513179047459566,155
2.1782547112019053,solution,8,5m,39.528470752104745,1,0.5756554169822395,155
0.4499784885390844,solution,9,5m,120.6751838614717,0,0.5034576384744053,155
0.39737130827315575,solution,10,5m,112.97123527695004,0,0.5026984467900322,155
0.1262180847211349,solution,11,5m,138.06701271484076,0,0.5002728998743865,155
2.110146016930129,solution,0,5m,72.88689868556625,1,0.5712837589692307,161
1.1012220721968842,solution,1,5m,116.88669727560959,1,0.5203693254016847,161
1.1262877433568648,solution,2,5m,99.56153875869938,0,0.5212882293255074,161
1.966981611452642,solution,3,5m,35.531676008879735,1,0.5624470451699327,161
0.3346645924036761,solution,4,5m,115.59628021696892,0,0.5019154710381686,161
0.22528510701375948,solution,5,5m,131.57697366940766,0,0.5008688994236032,161
2.035203022688684,solution,0,5m,70.44501401802685,1,0.566597452518643,164
2.8065455301499775,solution,1,5m,39.528470752104745,1,0.6206297377941618,164
1.052413372437147,solution,2,5m,104.70195795685962,0,0.5186349863961482,164
2.1364293386776523,solution,3,5m,49.11720676097125,1,0.5729582157372309,164
0.7123306891316257,solution,4,5m,135.50830232867654,1,0.5086209936003707,164
1.9288137499673552,solution,5,5m,35.531676008879735,0,0.560174002781338,164
1.6416318586454783,solution,6,5m,39.528470752104745,0,0.5442449932286755,164
0.26749465476746426,solution,7,5m,117.52659273543158,0,0.5012245662673784,164
0.1946804108097158,solution,8,5m,134.76831971943554,1,0.5006489979841371,164
0.1336707946224911,solution,9,5m,139.50806428303704,0,0.500306068752752,164
2.0435616115597925,no_solution,0,5m,64.90377492873584,0,0.5671135958166823,175
2.1092783885218434,no_solution,1,5m,57.554322166106694,0,0.5712287556923357,175
1.5070958163512478,no_solution,2,5m,71.50174823037545,0,0.537528341865228,175
0.9238438837672567,no_solution,3,5m,99.56153875869938,0,0.5144189083294448,175
2.7133505122937946,no_solution,4,5m,33.354160160315836,0,0.6134650557434137,175
2.2306801051752316,no_solution,5,5m,39.528470752104745,0,0.5790919713126926,175
0.12378651073593197,no_solution,6,5m,129.6630247988994,0,0.5002624890997763,175
1.722401537615466,no_solution,0,5m,68.6476510887299,0,0.5485104187352151,178
2.0970332765791277,no_solution,1,5m,50.62114182829147,0,0.5704543361089756,178
2.235154121847719,no_solution,2,5m,37.58324094593227,0,0.5793880919078965,178
0.7948109739619831,no_solution,3,5m,103.9831717154271,0,0.5107110897552829,178
0.9052877443999133,no_solution,4,5m,88.38834764831844,0,0.5138531259942949,178
1.5283566397169221,no_solution,5,5m,28.50438562747845,0,0.5385569275573314,178
1.8482674343837238,solution,0,5m,67.91538853603062,1,0.5554947823341687,194
2.0963402043816433,solution,1,5m,45.96194077712559,1,0.5704106080023997,194
1.3997816740718314,solution,2,5m,67.54628043053148,0,0.5325288353112367,194
1.4057653877278768,solution,3,5m,63.73774391990981,0,0.5327990627599887,194
0.7845416493671896,solution,4,5m,103.9831717154271,1,0.5104388705706266,194
0.7099500464492497,solution,5,5m,110.96170510586073,0,0.508563944855742,194
1.997085088960232,solution,6,5m,38.242646351945886,0,0.5642647158164299,194
2.7960851721022744,solution,7,5m,21.50581316760657,1,0.6198176138893908,194
0.37922194394564945,solution,8,5m,141.28871150944792,1,0.5024581626142842,194
0.8522181862349604,solution,9,5m,28.50438562747845,1,0.5122952039186816,194
1.5061774937887447,no_solution,0,5m,62.54998001598402,0,0.5374841951938241,196
2.2897477391286465,no_solution,1,5m,35.531676008879735,0,0.5830370308161343,196
1.6773544122213158,no_solution,2,5m,42.573465914816005,0,0.5461102691716371,196
0.6936838045784715,no_solution,3,5m,91.71968163922071,0,0.5081790926241113,196
1.5825718414372225,no_solution,4,5m,39.528470752104745,0,0.541235940880757,196
3.249250930459512,no_solution,5,5m,17.67766952966369,0,0.6567272893141092,196
0.042263477222336074,no_solution,6,5m,144.2653804625351,0,0.5000306051547285,196
1.6035776705791496,solution,0,5m,67.54628043053148,1,0.5422954129307455,200
2.514526737004328,solution,1,5m,36.9120576505835,1,0.5987315762931952,200
0.8948257017139991,solution,2,5m,95.72094859538323,1,0.5135389302281365,200
1.8034964212107216,solution,3,5m,37.58324094593227,0,0.5529640538064505,200
0.6708049361861693,solution,4,5m,97.5320460156558,0,0.5076524182279524,200
3.2034635760700954,solution,5,5m,19.03943276465977,1,0.6528451328906655,200
0.7678733781923722,solution,6,5m,68.6476510887299,1,0.5100042671508468,200
0.41116317971989075,solution,7,5m,122.72937708633577,0,0.5028884706929827,200
0.21460004497542468,solution,8,5m,146.50085323983612,1,0.50078849444333,200
0.6788961982070731,solution,9,5m,31.81980515339464,1,0.5078367228361704,200
1.3870083752536502,solution,0,5m,64.90377492873584,1,0.5319553954607843,204
2.1177696735636835,solution,1,5m,35.531676008879735,1,0.5717678082126173,204
1.6520567361863443,solution,2,5m,32.59601202601324,0,0.5447858335408662,204
2.2036994082140593,solution,3,5m,21.50581316760657,1,0.5773156573229545,204
0.019264656718655845,solution,4,5m,138.6091627562911,1,0.5000063591209049,204
1.3630956738077113,no_solution,0,5m,58.8430114796991,0,0.5308943922089333,210
2.354511714273627,no_solution,1,5m,28.50438562747845,0,0.5874498112916913,210
1.5434654750448051,no_solution,2,5m,28.50438562747845,0,0.539295445764476,210
1.514370189623129,no_solution,3,5m,25.739075352467502,0,0.5378788678738311,210
1.8971076588039775,no_solution,0,5m,44.30011286667337,0,0.5583128982128919,223
2.4294169672055643,no_solution,1,5m,23.717082451262844,0,0.5926648773176719,223
0.9748250538691627,no_solution,2,5m,48.088460154178364,0,0.5160290694215129,223
2.0032356318184372,no_solution,3,5m,19.03943276465977,0,0.5646387700267573,223
0.2157070078367534,no_solution,4,5m,139.50806428303704,0,0.5007966435325104,223
2.3765802662581197,no_solution,0,5m,34.8209706929603,0,0.5889739906376519,229
2.7088049408982107,no_solution,1,5m,22.638462845343543,0,0.6131197234920254,229
2.3476869886626783,no_solution,2,5m,17.67766952966369,0,0.5869805534915603,229
0.6067296444342731,no_solution,3,5m,48.088460154178364,0,0.5062688249249762,229
0.20593114411873367,no_solution,4,5m,83.44159634139318,0,0.5007261223932308,229
3.4972892085124117,no_solution,0,5m,21.50581316760657,0,0.6783045647186075,246
1.8884557103163293,no_solution,1,5m,25.739075352467502,0,0.557809348889347,246
0.7697287220298273,no_solution,2,5m,56.67892024377317,0,0.5100521991650141,246
1.0523387799502393,no_solution,3,5m,24.748737341529164,0,0.5186323917510864,246
0.3976739428615558,no_solution,4,5m,60.518592184551025,0,0.5027025476622428,246
0.33003256896423144,no_solution,5,5m,63.73774391990981,0,0.5018629112652024,246
3.691524475660765,skipped_insufficient_features,0,5m,19.03943276465977,0,0.6958079693376448,249
0.0489623385371931,skipped_insufficient_features,1,5m,66.04922406811453,0,0.5000410756022365,249
4.6941821531815195,no_solution,0,5m,14.577379737113251,0,0.7932627172287485,252
1.6013241079136815,no_solution,1,5m,35.531676008879735,0,0.5421811791752138,252
0.043203797360410544,no_solution,2,5m,57.554322166106694,0,0.5000319821295403,252
5.292786937331213,skipped_insufficient_features,0,5m,12.747548783981962,0,0.8560077975884176,258
0.26518490276097667,skipped_insufficient_features,1,5m,108.91510455395982,0,0.5012035348798658,258
5.9781951816469645,solution,0,5m,14.577379737113251,1,0.9310462083223604,273
1.20031152493486,solution,1,5m,55.339859052946636,1,0.524112629494492,273
1.1059182103049012,solution,2,5m,45.96194077712559,0,0.5205400318725762,273
1.2905446319650005,solution,3,5m,34.8209706929603,1,0.5277761277685837,273
0.4765205684404635,solution,4,5m,92.80355596635293,1,0.5038759711194912,273
0.30180960156334435,solution,5,5m,69.73162840490677,1,0.5015583863226784,273
2.9155578714754475,no_solution,0,5m,37.58324094593227,0,0.6292099765043907,313
0.8879767923423151,no_solution,1,5m,72.54309064273454,0,0.5133351205029392,313
1.7807965390309481,no_solution,2,5m,33.354160160315836,0,0.5517003634941793,313
0.31845431748366265,no_solution,3,5m,53.033008588991066,0,0.5017347135265647,313
0.493220811194969,no_solution,4,5m,148.02871343087463,0,0.5041512831451208,313
2.647322668638865,no_solution,0,5m,38.242646351945886,0,0.6084872564226099,316
1.5924384789705923,no_solution,1,5m,45.96194077712559,0,0.5417320995008243,316
0.9691961386644697,no_solution,2,5m,67.54628043053148,0,0.5158472911515123,316
1.1736708023194773,no_solution,3,5m,38.242646351945886,0,0.5230771919473733,316
0.13268235202612044,no_solution,4,5m,57.554322166106694,0,0.5003015603172052,316
2.1538041722964634,no_solution,0,5m,43.15669125408017,0,0.5740738329005791,317
1.3756103727558993,no_solution,1,5m,45.96194077712559,0,0.5314476270564725,317
1.3072874095912288,no_solution,2,5m,38.242646351945886,0,0.528482190588941,317
0.31141930717279825,no_solution,3,5m,60.518592184551025,0,0.5016590404261654,317
0.3906302542944937,no_solution,4,5m,72.54309064273454,0,0.5026079024923158,317
2.5351744338434417,no_solution,0,5m,41.382363393117124,0,0.6002255254022403,326
0.8316700141879593,no_solution,1,5m,72.88689868556625,0,0.5117160632862573,326
0.5925704266356849,no_solution,2,5m,42.573465914816005,0,0.5059813367633316,326
0.12719133134672392,no_solution,3,5m,95.19716382329885,0,0.5002771235148525,326
0.39637442947762747,no_solution,4,5m,53.96758286230726,0,0.5026849603571149,326
2.766766687620152,no_solution,0,5m,43.73213921133976,0,0.6175520199652417,330
1.1008958740372834,no_solution,1,5m,74.5821694508815,0,0.520357492903185,330
0.3376217922330668,no_solution,2,5m,66.04922406811453,0,0.5019494067467589,330
0.2167118291283613,no_solution,3,5m,95.19716382329885,0,0.5008040768779014,330
0.187073455155237,no_solution,4,5m,53.96758286230726,0,0.5005993002911898,330
0.4522666405118188,no_solution,5,5m,72.88689868556625,0,0.5034927714140107,330
2.265740128828771,no_solution,0,5m,56.67892024377317,0,0.5814243388056447,347
2.3376998172342462,no_solution,1,5m,27.613402542968153,0,0.586295643767384,347
0.4137722305938346,no_solution,2,5m,85.51315688243535,0,0.5029251391181001,347
2.154525227224165,no_solution,0,5m,57.554322166106694,0,0.5741202799296375,350
1.9117868584979565,no_solution,1,5m,63.73774391990981,0,0.5591714708160416,350
0.6108927736934266,no_solution,2,5m,84.03868156985806,0,0.5063546130546002,350
0.26095847927404137,no_solution,3,5m,99.81232388838565,0,0.501165521284962,350
0.28631320666089954,no_solution,4,5m,90.34655499796325,0,0.5014026796771357,350
0.3052927407079583,no_solution,5,5m,82.53787009609589,0,0.5015945072688662,350
0.04051763980278692,no_solution,6,5m,117.52659273543158,0,0.5000281289466437,350
1.854055022892444,no_solution,0,5m,61.74544517614235,0,0.5558256196107196,355
0.9751125870828452,no_solution,1,5m,82.53787009609589,0,0.516038381478005,355
0.4683898451984551,no_solution,2,5m,102.04165815979276,0,0.5037453121826585,355
0.3093382392620947,no_solution,3,5m,82.23442101699264,0,0.5016369769759473,355
0.1983323852386293,no_solution,4,5m,62.54998001598402,0,0.5006735588963543,355
0.05199232286551133,no_solution,5,5m,107.52906583803284,0,0.5000463165100225,355
1.277562437209016,no_solution,0,5m,77.2172260574025,0,0.52723428581381,362
0.6196270043393872,no_solution,1,5m,98.04335775563789,0,0.5065364552022547,362
0.3464804145960946,no_solution,2,5m,99.81232388838565,0,0.5020528376695367,362
0.2605175661699938,no_solution,3,5m,77.54031209635411,0,0.5011615906098768,362
0.003810575256483828,no_solution,4,5m,102.77402395547233,0,0.500000248804506,362
0.6105664262255475,no_solution,0,5m,92.53377761660873,0,0.5063478674575601,397
1.4967225728436038,no_solution,1,5m,32.59601202601324,0,0.5370310251699322,397
0.9910705761528633,no_solution,2,5m,45.96194077712559,0,0.516559238802389,397
0.6185581982579166,no_solution,3,5m,68.6476510887299,0,0.5065140680789858,397
0.22108973035265725,no_solution,4,5m,109.60155108391487,0,0.5008368650276572,397
0.12915435016343732,no_solution,5,5m,169.30002953337012,0,0.5002857411131885,397
0.22743550115332972,no_solution,6,5m,103.9831717154271,0,0.5008855516900649,397
0.6393611458389287,no_solution,0,5m,84.03868156985806,0,0.5069565683708931,398
1.4359919108665353,no_solution,1,5m,35.531676008879735,0,0.5341796151639701,398
0.6679447262668221,no_solution,2,5m,72.88689868556625,0,0.5075877806944242,398
0.5207650809961181,no_solution,3,5m,93.34077351297235,0,0.5046257333445155,398
0.2921723280041433,no_solution,4,5m,141.28871150944792,0,0.5014605925741255,398
1.3536699124599936,no_solution,0,5m,38.890872965260115,0,0.5304806760319117,399
0.5370887139023539,no_solution,1,5m,95.19716382329885,0,0.5049188520854663,399
0.5502798213391245,no_solution,2,5m,92.80355596635293,0,0.5051622020037234,399
0.5455592836617407,no_solution,3,5m,88.670739254841,0,0.505074452360385,399
0.5891604441582644,no_solution,4,5m,74.24621202458749,0,0.505913091208386,399
0.7019372885501867,no_solution,5,5m,43.73213921133976,0,0.5083732877094217,399
1.4231539045164656,no_solution,0,5m,38.890872965260115,0,0.5335901012098114,402
0.4873316099600424,no_solution,1,5m,102.5304832720494,0,0.5040531313426148,402
0.5116661376013685,no_solution,2,5m,93.34077351297235,0,0.5044662021463436,402
0.48552079837043616,no_solution,3,5m,88.670739254841,0,0.5040231848605773,402
0.440185839589918,no_solution,4,5m,90.89829481348922,0,0.5033092658933539,402
0.13005063851026646,no_solution,5,5m,150.0416608812366,0,0.5002897196326146,402
0.6593738389148095,no_solution,0,5m,88.38834764831844,0,0.50739569415068,405
0.6017491448397615,no_solution,1,5m,96.50129532809392,0,0.5061669455841614,405
0.6177264526935303,no_solution,2,5m,90.62284480195929,0,0.5064966724721522,405
0.5759345788033643,no_solution,3,5m,74.91662031885849,0,0.5056520381861135,405
1.061900999354343,no_solution,0,5m,93.34077351297235,0,0.5189664005308426,425
0.5927039934341496,no_solution,1,5m,138.6091627562911,0,0.5059840177274343,425
0.4561913156724459,no_solution,2,5m,146.15915982243467,0,0.5035534412478951,425
0.3839475894767712,no_solution,3,5m,148.53450777512947,0,0.5025196560328852,425
0.302925378016624,no_solution,4,5m,159.0990257669732,0,0.5015699123379029,425
0.12872652762327333,no_solution,5,5m,110.96170510586073,0,0.5002838517489285,425
