cluster_size,consensus_count,consensus_xy_rmse_m,consensus_z_rmse_m,correspondence_count,correspondence_global_indices,correspondence_local_indices,correspondence_xy_rmse_m,correspondence_z_rmse_m,estimated_heading_deg,estimated_x_m,estimated_y_m,estimated_z_m,evaluated_hypothesis_count,feature_count_npz,fitness,fitness_reference,fitness_reference_point_count,fitness_reference_spacing_m,heading_error_deg,heading_measurement_deg,local_feature_count,log10_hypotheses,median_abs_elevation_angle_deg,median_feature_range_m,median_sigma_z_m,moga_delta_error_m,moga_xy_error_m,overlap,profile,ransac_delta_error_m,ransac_xy_error_m,runtime_s,selected_fraction,site,status,terrain_mae_m,truth_x_m,truth_y_m,truth_z_m,xy_error_m,z_error_m
,,,,,,,,,,,,,,1,,,,,,-0.016074124752462313,1,0.0,2.508429894214113,23.617392955193,0.5982920833155225,nan,nan,,0p25m,nan,nan,,0.0,2,skipped_insufficient_features,nan,,,,,
,,,,,,,,,,,,,,0,,,,,,2.8178919137656173,0,0.0,nan,nan,nan,nan,nan,,0p25m,nan,nan,,0,9,skipped_insufficient_features,nan,,,,,
,,,,,,,,,,,,,,1,,,,,,-1.1715860802315958,1,0.0,3.046049661402555,20.63446752402397,0.6397524826521229,nan,nan,,0p25m,nan,nan,,0.0,10,skipped_insufficient_features,nan,,,,,
,,,,,,,,,,,,,,1,,,,,,-1.3325228097069708,1,0.0,2.948044215079793,21.392901860196528,0.6318073742845995,nan,nan,,0p25m,nan,nan,,0.0,12,skipped_insufficient_features,nan,,,,,
,,,,,,,,,,,,,,1,,,,,,-0.656672489798474,1,0.0,2.552151898975437,29.298570784254988,0.6014603079501365,nan,nan,,0p25m,nan,nan,,0.0,20,skipped_insufficient_features,nan,,,,,
,,,,,,,,,,,,,,2,,,,,,-0.10589940185594611,2,0.0,2.3827151794582395,26.363798410714008,0.5906467369803727,nan,nan,,0p25m,nan,nan,,0.0,26,skipped_insufficient_features,nan,,,,,
,,,,,,,,,,,,,,0,,,,,,-0.06391904233262571,0,0.0,nan,nan,nan,nan,nan,,0p25m,nan,nan,,0,36,skipped_insufficient_features,nan,,,,,
,,,,,,,,,,,,,,0,,,,,,0.051932943314520294,0,0.0,nan,nan,nan,nan,nan,,0p25m,nan,nan,,0,48,skipped_insufficient_features,nan,,,,,
,,,,,,,,,,,,,,1,,,,,,-4.3289440250794025,1,0.0,2.8017152650374237,19.102519467337288,0.6202544773622621,nan,nan,,0p25m,nan,nan,,0.0,51,skipped_insufficient_features,nan,,,,,
,,,,,,,,,,,,,,1,,,,,,-0.2337594858298045,1,0.0,2.060663024589891,21.187407816908607,0.5681747468569817,nan,nan,,0p25m,nan,nan,,0.0,54,skipped_insufficient_features,nan,,,,,
,,,,,,,,,,,,,,0,,,,,,-0.07384324607228306,0,0.0,nan,nan,nan,nan,nan,,0p25m,nan,nan,,0,77,skipped_insufficient_features,nan,,,,,
,,,,,,,,,,,,,,1,,,,,,0.035239910434854374,1,0.0,3.1110122126710795,16.05167436749201,0.6451071312028502,nan,nan,,0p25m,nan,nan,,0.0,89,skipped_insufficient_features,nan,,,,,
,,,,,,,,,,,,,,1,,,,,,0.1906701993705456,1,0.0,2.5155606517990203,24.71651775635071,0.598806180699107,nan,nan,,0p25m,nan,nan,,0.0,95,skipped_insufficient_features,nan,,,,,
,,,,,,,,,,,,,,1,,,,,,-0.16328789087285003,1,0.0,2.584993979970357,27.908891952207632,0.6038651675375322,nan,nan,,0p25m,nan,nan,,0.0,103,skipped_insufficient_features,nan,,,,,
,,,,,,,,,,,,,,1,,,,,,0.13681185225797177,1,0.0,2.578590791430168,38.55718156193473,0.6033946234387996,nan,nan,,0p25m,nan,nan,,0.0,117,skipped_insufficient_features,nan,,,,,
,,,,,,,,,,,,,,0,,,,,,0.007471621378338934,0,0.0,nan,nan,nan,nan,nan,,0p25m,nan,nan,,0,136,skipped_insufficient_features,nan,,,,,
,,,,,,,,,,,,,,0,,,,,,-3.938496311525569,0,0.0,nan,nan,nan,nan,nan,,0p25m,nan,nan,,0,150,skipped_insufficient_features,nan,,,,,
,,,,,,,,,,,,,,0,,,,,,0.3167954192560964,0,0.0,nan,nan,nan,nan,nan,,0p25m,nan,nan,,0,151,skipped_insufficient_features,nan,,,,,
,,,,,,,,,,,,,,0,,,,,,-0.030394175836511713,0,0.0,nan,nan,nan,nan,nan,,0p25m,nan,nan,,0,155,skipped_insufficient_features,nan,,,,,
,,,,,,,,,,,,,,0,,,,,,0.14926023997307056,0,0.0,nan,nan,nan,nan,nan,,0p25m,nan,nan,,0,161,skipped_insufficient_features,nan,,,,,
,,,,,,,,,,,,,,0,,,,,,-0.04299612420696146,0,0.0,nan,nan,nan,nan,nan,,0p25m,nan,nan,,0,164,skipped_insufficient_features,nan,,,,,
,,,,,,,,,,,,,,0,,,,,,0.04882332838645638,0,0.0,nan,nan,nan,nan,nan,,0p25m,nan,nan,,0,175,skipped_insufficient_features,nan,,,,,
,,,,,,,,,,,,,,1,,,,,,0.021950449829388766,1,0.0,1.712572602530133,26.26130708856663,0.5479821901552704,nan,nan,,0p25m,nan,nan,,0.0,178,skipped_insufficient_features,nan,,,,,
,,,,,,,,,,,,,,1,,,,,,-0.06573860611791954,1,0.0,2.692983177656209,22.50069443372804,0.6119207584240097,nan,nan,,0p25m,nan,nan,,0.0,194,skipped_insufficient_features,nan,,,,,
,,,,,,,,,,,,,,2,,,,,,0.10866054614293187,2,0.0,2.3936328804133766,26.82093555151192,0.5938226109611451,nan,nan,,0p25m,nan,nan,,0.0,196,skipped_insufficient_features,nan,,,,,
,,,,,,,,,,,,,,3,,raw_lidar_xy_decimated,35152,0.125,,-107.3886681037075,3,0.0,2.8577702719394806,30.13770478984755,0.624635252475563,nan,nan,,0p25m,nan,nan,0.1028090099862311,0.0,200,no_solution,nan,,,,,
,,,,,,,,,,,,,,2,,,,,,-88.53339214624326,2,0.0,2.2073703955536557,27.58803858981962,0.5777481302199091,nan,nan,,0p25m,nan,nan,,0.0,204,skipped_insufficient_features,nan,,,,,
,,,,,,,,,,,,,,1,,,,,,-90.13536323543708,1,0.0,1.5888619932644257,29.243054730995528,0.5415519461009753,nan,nan,,0p25m,nan,nan,,0.0,210,skipped_insufficient_features,nan,,,,,
,,,,,,,,,,,,,,2,,,,,,-89.61315627663696,2,0.0,2.360496302086237,33.30591691204904,0.5899139911743125,nan,nan,,0p25m,nan,nan,,0.0,223,skipped_insufficient_features,nan,,,,,
,,,,,,,,,,,,,,2,,,,,,-89.96540022538525,2,0.0,2.558511754453202,28.99396611852571,0.6023484648711404,nan,nan,,0p25m,nan,nan,,0.0,229,skipped_insufficient_features,nan,,,,,
,,,,,,,,,,,,,,1,,,,,,-89.92719279074173,1,0.0,3.5371485031665033,21.275719729306456,0.68185458000413,nan,nan,,0p25m,nan,nan,,0.0,246,skipped_insufficient_features,nan,,,,,
,,,,,,,,,,,,,,1,,,,,,-108.2797641414029,1,0.0,3.948181372561617,18.08746112642678,0.7196848705983037,nan,nan,,0p25m,nan,nan,,0.0,249,skipped_insufficient_features,nan,,,,,
,,,,,,,,,,,,,,1,,,,,,-83.38405818384007,1,0.0,4.384135055430885,16.078906990215472,0.7619909896867866,nan,nan,,0p25m,nan,nan,,0.0,252,skipped_insufficient_features,nan,,,,,
,,,,,,,,,,,,,,1,,,,,,-89.6620544642588,1,0.0,4.828301787157217,14.710752869924775,0.8070638843370902,nan,nan,,0p25m,nan,nan,,0.0,258,skipped_insufficient_features,nan,,,,,
,,,,,,,,,,,,,,1,,,,,,-89.98398465894618,1,0.0,5.279907527585206,17.04497726604527,0.854628244720578,nan,nan,,0p25m,nan,nan,,0.0,273,skipped_insufficient_features,nan,,,,,
,,,,,,,,,,,,,,1,,,,,,-179.99753926075917,1,0.0,2.8532918904597797,38.482544744338306,0.6242831896915696,nan,nan,,0p25m,nan,nan,,0.0,313,skipped_insufficient_features,nan,,,,,
,,,,,,,,,,,,,,1,,,,,,-179.99432090327997,1,0.0,2.5747429395660735,39.59048181065747,0.6031122488506776,nan,nan,,0p25m,nan,nan,,0.0,316,skipped_insufficient_features,nan,,,,,
,,,,,,,,,,,,,,1,,,,,,-179.99612592180463,1,0.0,2.1544650140628367,43.34635221099926,0.5741164008224459,nan,nan,,0p25m,nan,nan,,0.0,317,skipped_insufficient_features,nan,,,,,
,,,,,,,,,,,,,,1,,,,,,179.99510632811723,1,0.0,2.475260870811711,42.37960889390085,0.5959142722110377,nan,nan,,0p25m,nan,nan,,0.0,326,skipped_insufficient_features,nan,,,,,
,,,,,,,,,,,,,,2,,,,,,179.90998684115812,2,0.0,2.6261952736714007,34.7253637163955,0.6069422613192061,nan,nan,,0p25m,nan,nan,,0.0,330,skipped_insufficient_features,nan,,,,,
,,,,,,,,,,,,,,0,,,,,,179.83515729274612,0,0.0,nan,nan,nan,nan,nan,,0p25m,nan,nan,,0,347,skipped_insufficient_features,nan,,,,,
,,,,,,,,,,,,,,1,,,,,,-179.8771279070793,1,0.0,2.9194613430979497,12.758575547450429,0.6295211049778984,nan,nan,,0p25m,nan,nan,,0.0,350,skipped_insufficient_features,nan,,,,,
,,,,,,,,,,,,,,0,,,,,,179.80700288565973,0,0.0,nan,nan,nan,nan,nan,,0p25m,nan,nan,,0,355,skipped_insufficient_features,nan,,,,,
,,,,,,,,,,,,,,0,,,,,,179.85029842598993,0,0.0,nan,nan,nan,nan,nan,,0p25m,nan,nan,,0,362,skipped_insufficient_features,nan,,,,,
,,,,,,,,,,,,,,3,,raw_lidar_xy_decimated,30733,0.125,,179.93080235840745,3,0.0,3.070967861641338,14.121127787822047,0.6417982149758296,nan,nan,,0p25m,nan,nan,0.11647610500222072,0.0,397,no_solution,nan,,,,,
,,,,,,,,,,,,,,0,,,,,,179.93377795978506,0,0.0,nan,nan,nan,nan,nan,,0p25m,nan,nan,,0,398,skipped_insufficient_features,nan,,,,,
,,,,,,,,,,,,,,2,,,,,,179.79458773470787,2,0.0,3.0146999125612775,15.483480971125786,0.6417282583317371,nan,nan,,0p25m,nan,nan,,0.0,399,skipped_insufficient_features,nan,,,,,
,,,,,,,,,,,,,,0,,,,,,-179.8376581917038,0,0.0,nan,nan,nan,nan,nan,,0p25m,nan,nan,,0,402,skipped_insufficient_features,nan,,,,,
,,,,,,,,,,,,,,0,,,,,,179.97030065904426,0,0.0,nan,nan,nan,nan,nan,,0p25m,nan,nan,,0,405,skipped_insufficient_features,nan,,,,,
,,,,,,,,,,,,,,0,,,,,,179.86030818737603,0,0.0,nan,nan,nan,nan,nan,,0p25m,nan,nan,,0,425,skipped_insufficient_features,nan,,,,,
,,,,,,,,,,,,,,1,,,,,,-0.016074124752462313,1,0.0,2.535877211280841,23.347912112221085,0.6002765247484911,nan,,,0p5m,nan,nan,,0.0,2,skipped_insufficient_features,nan,,,,,
,,,,,,,,,,,,,,0,,,,,,2.8178919137656173,0,0.0,nan,nan,nan,nan,,,0p5m,nan,nan,,0,9,skipped_insufficient_features,nan,,,,,
,,,,,,,,,,,,,,1,,,,,,-1.1715860802315958,1,0.0,3.0272575680886797,20.763549792846117,0.6382165054644401,nan,,,0p5m,nan,nan,,0.0,10,skipped_insufficient_features,nan,,,,,
,,,,,,,,,,,,,,1,,,,,,-1.3325228097069708,1,0.0,2.933623628256689,21.49709282670566,0.6306521415143546,nan,,,0p5m,nan,nan,,0.0,12,skipped_insufficient_features,nan,,,,,
,,,,,,,,,,,,,,1,,,,,,-0.656672489798474,1,0.0,2.4223991707069494,31.13880216064838,0.5921712917222937,nan,,,0p5m,nan,nan,,0.0,20,skipped_insufficient_features,nan,,,,,
,,,,,,,,,,,,,,2,,,,,,-0.10589940185594611,2,0.0,2.473564336566258,25.424980960433295,0.5978406464463003,nan,,,0p5m,nan,nan,,0.0,26,skipped_insufficient_features,nan,,,,,
,,,,,,,,,,,,,,0,,,,,,-0.06391904233262571,0,0.0,nan,nan,nan,nan,,,0p5m,nan,nan,,0,36,skipped_insufficient_features,nan,,,,,
,,,,,,,,,,,,,,1,,,,,,0.051932943314520294,1,0.0,1.4622749333080376,39.1806712550972,0.5354009870314667,nan,,,0p5m,nan,nan,,0.0,48,skipped_insufficient_features,nan,,,,,
,,,,,,,,,,,,,,3,,raw_lidar_xy_decimated,15019,0.25,,-4.3289440250794025,3,0.0,1.7707453835979312,36.96789147354769,0.5511450325282443,nan,,,0p5m,nan,nan,0.4962578859995119,0.0,51,no_solution,nan,,,,,
,,,,,,,,,,,,,,2,,,,,,-0.2337594858298045,2,0.0,1.7992118827716288,34.6416799036299,0.5540768304715415,nan,,,0p5m,nan,nan,,0.0,54,skipped_insufficient_features,nan,,,,,
,,,,,,,,,,,,,,2,,,,,,-0.07384324607228306,2,0.0,1.1868312405463302,28.885347422455673,0.5266090532985466,nan,,,0p5m,nan,nan,,0.0,77,skipped_insufficient_features,nan,,,,,
,,,,,,,,,,,,,,1,,,,,,0.035239910434854374,1,0.0,3.0372722648749213,16.405029716522918,0.6390343273002741,nan,,,0p5m,nan,nan,,0.0,89,skipped_insufficient_features,nan,,,,,
,,,,,,,,,,,,,,2,,,,,,0.1906701993705456,2,0.0,2.0025823578273867,37.486792531881406,0.5683295842371631,nan,,,0p5m,nan,nan,,0.0,95,skipped_insufficient_features,nan,,,,,
,,,,,,,,,,,,,,1,,,,,,-0.16328789087285003,1,0.0,2.568996650407467,28.082467840273583,0.6026911011800877,nan,,,0p5m,nan,nan,,0.0,103,skipped_insufficient_features,nan,,,,,
,,,,,,,,,,,,,,2,,,,,,0.13681185225797177,2,0.0,2.264934153442614,49.18075781202808,0.5825342403463363,nan,,,0p5m,nan,nan,,0.0,117,skipped_insufficient_features,nan,,,,,
,,,,,,,,,,,,,,0,,,,,,0.007471621378338934,0,0.0,nan,nan,nan,nan,,,0p5m,nan,nan,,0,136,skipped_insufficient_features,nan,,,,,
,,,,,,,,,,,,,,2,,,,,,-3.938496311525569,2,0.0,2.6060023467226268,54.84512569842235,0.6065156403366563,nan,,,0p5m,nan,nan,,0.0,150,skipped_insufficient_features,nan,,,,,
,,,,,,,,,,,,,,1,,,,,,0.3167954192560964,1,0.0,2.3620025663095396,74.40178089266412,0.5879660129416681,nan,,,0p5m,nan,nan,,0.0,151,skipped_insufficient_features,nan,,,,,
,,,,,,,,,,,,,,3,,raw_lidar_xy_decimated,11006,0.25,,-0.030394175836511713,3,0.0,2.2840113460659,46.32089161490742,0.5826505481264289,nan,,,0p5m,nan,nan,0.001669007004238665,0.0,155,no_solution,nan,,,,,
,,,,,,,,,,,,,,3,,raw_lidar_xy_decimated,11207,0.25,,0.14926023997307056,3,0.0,2.151968300795912,41.5586934347075,0.5739556280336868,nan,,,0p5m,nan,nan,0.0009684950055088848,0.0,161,no_solution,nan,,,,,
,,,,,,,,,,,,,,3,,raw_lidar_xy_decimated,11587,0.25,,-0.04299612420696146,3,0.0,2.0916699287977396,40.65249069860296,0.5701162365948547,nan,,,0p5m,nan,nan,0.0013593230105470866,0.0,164,no_solution,nan,,,,,
,,,,,,,,,,,,,,3,,raw_lidar_xy_decimated,12302,0.25,,0.04882332838645638,3,0.0,1.9491840666115456,38.50486982188097,0.5613827199727358,nan,,,0p5m,nan,nan,0.0015719159855507314,0.0,175,no_solution,nan,,,,,
,,,,,,,,,,,,,,4,,raw_lidar_xy_decimated,12708,0.25,,0.021950449829388766,4,0.0,1.8314047502679673,37.920085367626754,0.554713494192318,nan,,,0p5m,nan,nan,1.0806665669952054,0.0,178,no_solution,nan,,,,,
3,0,inf,inf,5,"[0, 22, 6, 12, 11]","[0, 4, 1, 3, 2]",8.370824120208315,0.12863263292410254,1.5536191117065659,195.14366913963204,-0.1977643364468804,-1975.5184391736984,8,5,-0.13848687362339301,raw_lidar_xy_decimated,15198,0.25,1.6193577178244993,-0.06573860611791954,5,0.9030899869919435,2.0350527881293203,37.53831376074317,0.5665881906527391,2.151223182155641,3.012157523378024,0.9951309382813528,0p5m,2.4141509031750483,3.275085244397431,1.601651042001322,1.0,194,solution,0.13848687362339301,195.98184204101562,-0.0011069509200751781,-1.7528076171875,0.8609343412223827,1973.765631556511
,,,,,,,,,,,,,,4,,raw_lidar_xy_decimated,13482,0.25,,0.10866054614293187,4,0.0,1.9432576239450725,38.39632958055746,0.5627868158109088,nan,,,0p5m,nan,nan,1.278099643997848,0.0,196,no_solution,nan,,,,,
,,,,,,,,,,,,,,5,,raw_lidar_xy_decimated,17324,0.25,,-107.3886681037075,5,0.0,1.9023297119872438,39.42873317772206,0.5586177216530341,nan,,,0p5m,nan,nan,2.52116358600324,0.0,200,no_solution,nan,,,,,
,,,,,,,,,,,,,,4,,raw_lidar_xy_decimated,12731,0.25,,-88.53339214624326,4,0.0,1.7972179821286947,34.07302278281695,0.5534980253168768,nan,,,0p5m,nan,nan,1.7622774650226347,0.0,204,no_solution,nan,,,,,
,,,,,,,,,,,,,,4,,raw_lidar_xy_decimated,11531,0.25,,-90.13536323543708,4,0.0,1.4960566046318788,29.78686096907419,0.5370695053013643,nan,,,0p5m,nan,nan,1.7644133729918394,0.0,210,no_solution,nan,,,,,
,,,,,,,,,,,,,,2,,,,,,-89.61315627663696,2,0.0,2.375501451590235,33.13521047823801,0.5910167765746039,nan,,,0p5m,nan,nan,,0.0,223,skipped_insufficient_features,nan,,,,,
,,,,,,,,,,,,,,2,,,,,,-89.96540022538525,2,0.0,2.5353203308475325,29.204320661844235,0.6005919729004102,nan,,,0p5m,nan,nan,,0.0,229,skipped_insufficient_features,nan,,,,,
,,,,,,,,,,,,,,2,,,,,,-89.92719279074173,2,0.0,2.5556893118516273,25.90028282762307,0.61078166737265,nan,,,0p5m,nan,nan,,0.0,246,skipped_insufficient_features,nan,,,,,
,,,,,,,,,,,,,,2,,,,,,-108.2797641414029,2,0.0,2.7929801607439293,24.501364245906945,0.6311227363345269,nan,,,0p5m,nan,nan,,0.0,249,skipped_insufficient_features,nan,,,,,
,,,,,,,,,,,,,,2,,,,,,-83.38405818384007,2,0.0,2.605795560374057,22.914884287348013,0.6346244423139666,nan,,,0p5m,nan,nan,,0.0,252,skipped_insufficient_features,nan,,,,,
,,,,,,,,,,,,,,2,,,,,,-89.6620544642588,2,0.0,3.0249843054968784,23.24378161958515,0.6663766679218912,nan,,,0p5m,nan,nan,,0.0,258,skipped_insufficient_features,nan,,,,,
,,,,,,,,,,,,,,3,,raw_lidar_xy_decimated,18080,0.25,,-89.98398465894618,3,0.0,1.2457234282938676,36.07804041241708,0.5259263408109836,nan,,,0p5m,nan,nan,0.0008344319940079004,0.0,273,no_solution,nan,,,,,
,,,,,,,,,,,,,,3,,raw_lidar_xy_decimated,14498,0.25,,-179.99753926075917,3,0.0,1.6908130282384175,38.34872879249063,0.5468217751219201,nan,,,0p5m,nan,nan,0.27569059099187143,0.0,313,no_solution,nan,,,,,
,,,,,,,,,,,,,,1,,,,,,-179.99432090327997,1,0.0,2.6218904591245007,38.84745808930103,0.6065921774461258,nan,,,0p5m,nan,nan,,0.0,316,skipped_insufficient_features,nan,,,,,
,,,,,,,,,,,,,,1,,,,,,-179.99612592180463,1,0.0,2.135123707429781,43.739284402010966,0.5728746617566872,nan,,,0p5m,nan,nan,,0.0,317,skipped_insufficient_features,nan,,,,,
,,,,,,,,,,,,,,1,,,,,,179.99510632811723,1,0.0,2.4848892146302495,42.21522237297821,0.5966022027721899,nan,,,0p5m,nan,nan,,0.0,326,skipped_insufficient_features,nan,,,,,
,,,,,,,,,,,,,,2,,,,,,179.90998684115812,2,0.0,2.66231793312065,34.336445680451,0.6096408457737965,nan,,,0p5m,nan,nan,,0.0,330,skipped_insufficient_features,nan,,,,,
,,,,,,,,,,,,,,2,,,,,,179.83515729274612,2,0.0,2.301704438276301,44.47325167453447,0.5839571545580835,nan,,,0p5m,nan,nan,,0.0,347,skipped_insufficient_features,nan,,,,,
,,,,,,,,,,,,,,3,,raw_lidar_xy_decimated,12126,0.25,,-179.8771279070793,3,0.0,2.2098534088316466,30.775396016948346,0.5777193837735426,nan,,,0p5m,nan,nan,0.316837955993833,0.0,350,no_solution,nan,,,,,
,,,,,,,,,,,,,,1,,,,,,179.80700288565973,1,0.0,1.6710416913600716,38.11331788233609,0.5457781859790429,nan,,,0p5m,nan,nan,,0.0,355,skipped_insufficient_features,nan,,,,,
,,,,,,,,,,,,,,0,,,,,,179.85029842598993,0,0.0,nan,nan,nan,nan,,,0p5m,nan,nan,,0,362,skipped_insufficient_features,nan,,,,,
,,,,,,,,,,,,,,4,,raw_lidar_xy_decimated,13680,0.25,,179.93080235840745,4,0.0,2.515006140228226,17.000058588658447,0.6011569809388366,nan,,,0p5m,nan,nan,0.1728409850038588,0.0,397,no_solution,nan,,,,,
,,,,,,,,,,,,,,1,,,,,,179.93377795978506,1,0.0,1.3074622738212809,38.950288830764784,0.5284896078998487,nan,,,0p5m,nan,nan,,0.0,398,skipped_insufficient_features,nan,,,,,
,,,,,,,,,,,,,,3,,raw_lidar_xy_decimated,13939,0.25,,179.79458773470787,3,0.0,2.27037329705611,18.155577655365306,0.5817345859650884,nan,,,0p5m,nan,nan,0.06150582802365534,0.0,399,no_solution,nan,,,,,
,,,,,,,,,,,,,,1,,,,,,-179.8376581917038,1,0.0,1.5357412198435727,36.58722454628118,0.5389171020621758,nan,,,0p5m,nan,nan,,0.0,402,skipped_insufficient_features,nan,,,,,
,,,,,,,,,,,,,,1,,,,,,179.97030065904426,1,0.0,1.6169654841413559,34.32382554436495,0.5429768641681123,nan,,,0p5m,nan,nan,,0.0,405,skipped_insufficient_features,nan,,,,,
,,,,,,,,,,,,,,0,,,,,,179.86030818737603,0,0.0,nan,nan,nan,nan,,,0p5m,nan,nan,,0,425,skipped_insufficient_features,nan,,,,,
,,,,,,,,,,,,,,2,,,,,,-0.016074124752462313,2,0.0,1.8160394091566587,37.496286125511126,0.5955658337190326,nan,,,10m,nan,nan,,0.0,2,skipped_insufficient_features,nan,,,,,
,,,,,,,,,,,,,,4,,raw_lidar_xy_decimated,512,5.0,,2.8178919137656173,4,0.0,1.353369170766352,72.40421163889258,0.5530144213668287,nan,,,10m,nan,nan,0.00399915297748521,0.0,9,no_solution,nan,,,,,
,,,,,,,,,,,,,,5,,raw_lidar_xy_decimated,311,5.0,,-1.1715860802315958,5,0.0,1.214127384121055,75.16648189186454,0.54306285199656,nan,,,10m,nan,nan,0.007120568014215678,0.0,10,no_solution,nan,,,,,
,,,,,,,,,,,,,,5,,raw_lidar_xy_decimated,342,5.0,,-1.3325228097069708,5,0.0,1.2348766111792806,75.16648189186454,0.5444870208830004,nan,,,10m,nan,nan,0.005073185981018469,0.0,12,no_solution,nan,,,,,
,,,,,,,,,,,,,,4,,raw_lidar_xy_decimated,462,5.0,,-0.656672489798474,4,0.0,1.4660939795300414,72.124482778118,0.561697460532935,nan,,,10m,nan,nan,0.0037562059878837317,0.0,20,no_solution,nan,,,,,
,,,,,,,,,,,,,,5,,raw_lidar_xy_decimated,342,5.0,,-0.10589940185594611,5,0.0,1.471279789899058,51.478150704935004,0.5621107012984123,nan,,,10m,nan,nan,0.007038912997813895,0.0,26,no_solution,nan,,,,,
,,,,,,,,,,,,,,2,,,,,,-0.06391904233262571,2,0.0,1.3236605333315652,65.41644327806195,0.554891281414956,nan,,,10m,nan,nan,,0.0,36,skipped_insufficient_features,nan,,,,,
,,,,,,,,,,,,,,3,,raw_lidar_xy_decimated,423,5.0,,0.051932943314520294,3,0.0,1.5991673916150455,35.35533905932738,0.5726616757087751,nan,,,10m,nan,nan,0.002347000001464039,0.0,48,no_solution,nan,,,,,
,,,,,,,,,,,,,,3,,raw_lidar_xy_decimated,414,5.0,,-4.3289440250794025,3,0.0,1.6215834274557277,35.35533905932738,0.5745806671242697,nan,,,10m,nan,nan,0.0005301519995555282,0.0,51,no_solution,nan,,,,,
,,,,,,,,,,,,,,5,,raw_lidar_xy_decimated,285,5.0,,-0.2337594858298045,5,0.0,1.5599991722901714,38.07886552931954,0.569357768589629,nan,,,10m,nan,nan,0.012722371000563726,0.0,54,no_solution,nan,,,,,
,,,,,,,,,,,,,,3,,raw_lidar_xy_decimated,270,5.0,,-0.07384324607228306,3,0.0,0.6563435533306435,45.27692569068709,0.5129558131707609,nan,,,10m,nan,nan,0.004976816009730101,0.0,77,no_solution,nan,,,,,
,,,,,,,,,,,,,,4,,raw_lidar_xy_decimated,323,5.0,,0.035239910434854374,4,0.0,0.4729160947123967,69.47121456380725,0.509098448346393,nan,,,10m,nan,nan,0.026492795994272456,0.0,89,no_solution,nan,,,,,
,,,,,,,,,,,,,,5,,raw_lidar_xy_decimated,411,5.0,,0.1906701993705456,5,0.0,0.8208972537928888,51.478150704935004,0.5201251134442139,nan,,,10m,nan,nan,0.020983680995414034,0.0,95,no_solution,nan,,,,,
,,,,,,,,,,,,,,4,,raw_lidar_xy_decimated,351,5.0,,-0.16328789087285003,4,0.0,0.631019293685702,76.7500910402539,0.517581181668435,nan,,,10m,nan,nan,0.017590845993254334,0.0,103,no_solution,nan,,,,,
,,,,,,,,,,,,,,6,,raw_lidar_xy_decimated,489,5.0,,0.13681185225797177,6,0.0,1.4620675295599588,89.47154775465509,0.5613963727174579,nan,,,10m,nan,nan,0.0952207499940414,0.0,117,no_solution,nan,,,,,
,,,,,,,,,,,,,,8,,raw_lidar_xy_decimated,319,5.0,,0.007471621378338934,8,0.0,0.8944217433324355,96.65902765166192,0.5238684011763728,nan,,,10m,nan,nan,0.0342222019971814,0.0,136,no_solution,nan,,,,,
2,0,inf,inf,5,"[6, 0, 3, 1, 10]","[7, 3, 8, 4, 12]",12.113179106099619,0.43561061539029194,-7.302127931647877,148.3802931022666,-35.358554091021205,-1974.5378789901733,8,13,-0.45733294871834107,raw_lidar_xy_decimated,457,5.0,3.3636316201223053,-3.938496311525569,13,0.9030899869919435,1.1429859864950656,107.93516572461452,0.5383366018579635,5.6552075789058875,41.09728698496601,0.9956236323851203,10m,0.0,35.442079406060124,1.0753119989822153,0.38461538461538464,150,solution,0.45733294871834107,151.1990509033203,-0.028742358088493347,-0.6396484375,35.442079406060124,1973.8982305526733
2,0,inf,inf,4,"[1, 0, 3, 2]","[6, 0, 4, 5]",14.04439199037206,0.21922166821828626,-3.250828571149261,142.93018812482055,-0.47287501576606417,-1974.5634422302246,4,12,-0.23917396869937865,raw_lidar_xy_decimated,487,5.0,3.567623990405366,0.3167954192560964,12,0.6020599913279624,1.065346574360286,100.24472493148949,0.5334755414963054,5.697013572185044,15.005795623736086,0.9568788501026694,10m,0.0,9.308782051551042,0.5140614059928339,0.3333333333333333,151,solution,0.23917396869937865,152.229248046875,-0.04754238203167915,-0.674560546875,9.308782051551042,1973.8888816833496
4,0,inf,inf,4,"[2, 10, 6, 0]","[2, 6, 4, 5]",7.873030854248342,0.7875179688506703,-3.8699949605060215,130.47110291859622,-83.72082747880167,-1974.1891796588898,6,12,-0.6181009341112016,raw_lidar_xy_decimated,436,5.0,3.8396007846695,-0.030394175836511713,12,0.7781512503836436,1.1271286751580585,85.14693182963201,0.5375372097911495,1.969991985096243,89.59200770519509,0.9931192660550459,10m,0.0,87.62201572009884,1.0457751159847248,0.3333333333333333,155,solution,0.6181009341112016,156.28639221191406,0.0120124202221632,-0.8092041015625,87.62201572009884,1973.3799755573273
,,,,,,,,,,,,,,7,,raw_lidar_xy_decimated,367,5.0,,0.14926023997307056,7,0.0,1.7655137862747394,75.16648189186454,0.5873760055239221,nan,,,10m,nan,nan,0.07517730499967001,0.0,161,no_solution,nan,,,,,
,,,,,,,,,,,,,,7,,raw_lidar_xy_decimated,351,5.0,,-0.04299612420696146,7,0.0,1.5949920678673313,75.16648189186454,0.5723064878979947,nan,,,10m,nan,nan,0.11851400701561943,0.0,164,no_solution,nan,,,,,
,,,,,,,,,,,,,,6,,raw_lidar_xy_decimated,298,5.0,,0.04882332838645638,6,0.0,1.441398241173188,72.88263091242058,0.5618442944741651,nan,,,10m,nan,nan,0.06624628600548021,0.0,175,no_solution,nan,,,,,
,,,,,,,,,,,,,,5,,raw_lidar_xy_decimated,323,5.0,,0.021950449829388766,5,0.0,1.7543974460876113,66.70832032063167,0.586359231142059,nan,,,10m,nan,nan,0.010861221002414823,0.0,178,no_solution,nan,,,,,
,,,,,,,,,,,,,,9,,raw_lidar_xy_decimated,353,5.0,,-0.06573860611791954,9,0.0,1.6217890879782018,65.19202405202648,0.5745983673482623,nan,,,10m,nan,nan,0.1528228859824594,0.0,194,no_solution,nan,,,,,
,,,,,,,,,,,,,,6,,raw_lidar_xy_decimated,317,5.0,,0.10866054614293187,6,0.0,1.508755878584739,55.23447487135678,0.5652849629925387,nan,,,10m,nan,nan,0.051889191003283486,0.0,196,no_solution,nan,,,,,
,,,,,,,,,,,,,,8,,raw_lidar_xy_decimated,363,5.0,,-107.3886681037075,8,0.0,1.3740283994242322,65.95017218632907,0.5578103118060997,nan,,,10m,nan,nan,0.11990996499662288,0.0,200,no_solution,nan,,,,,
,,,,,,,,,,,,,,4,,raw_lidar_xy_decimated,284,5.0,,-88.53339214624326,4,0.0,1.5797847313006905,45.29107207263184,0.5715230040353652,nan,,,10m,nan,nan,0.01102965499740094,0.0,204,no_solution,nan,,,,,
,,,,,,,,,,,,,,7,,raw_lidar_xy_decimated,254,5.0,,-90.13536323543708,7,0.0,1.3270954461353572,43.01162633521314,0.5510606819704387,nan,,,10m,nan,nan,0.03502870298689231,0.0,210,no_solution,nan,,,,,
,,,,,,,,,,,,,,2,,,,,,-89.61315627663696,2,0.0,1.075421913920084,90.54118099503523,0.5526596813921285,nan,,,10m,nan,nan,,0.0,223,skipped_insufficient_features,nan,,,,,
,,,,,,,,,,,,,,3,,raw_lidar_xy_decimated,332,5.0,,-89.96540022538525,3,0.0,2.0955065041615035,38.07886552931954,0.6195816126287943,nan,,,10m,nan,nan,0.0038622969877906144,0.0,229,no_solution,nan,,,,,
,,,,,,,,,,,,,,3,,raw_lidar_xy_decimated,313,5.0,,-89.92719279074173,3,0.0,1.323016373508077,35.35533905932738,0.5507616080436994,nan,,,10m,nan,nan,0.00533141999039799,0.0,246,no_solution,nan,,,,,
,,,,,,,,,,,,,,3,,raw_lidar_xy_decimated,282,5.0,,-108.2797641414029,3,0.0,1.785570723231005,29.154759474226502,0.5892223312508958,nan,,,10m,nan,nan,0.002074222022201866,0.0,249,no_solution,nan,,,,,
,,,,,,,,,,,,,,3,,raw_lidar_xy_decimated,317,5.0,,-83.38405818384007,3,0.0,1.6098781949706573,35.35533905932738,0.5735760671499691,nan,,,10m,nan,nan,0.0013509330165106803,0.0,252,no_solution,nan,,,,,
,,,,,,,,,,,,,,6,,raw_lidar_xy_decimated,356,5.0,,-89.6620544642588,6,0.0,0.32166828820011883,66.74703197942434,0.5032446044796844,nan,,,10m,nan,nan,0.03687302299658768,0.0,258,no_solution,nan,,,,,
,,,,,,,,,,,,,,5,,raw_lidar_xy_decimated,430,5.0,,-89.98398465894618,5,0.0,0.7235842399985178,55.226805085936306,0.5157040592137222,nan,,,10m,nan,nan,0.050579158996697515,0.0,273,no_solution,nan,,,,,
,,,,,,,,,,,,,,3,,raw_lidar_xy_decimated,332,5.0,,-179.99753926075917,3,0.0,1.4417098734853584,45.27692569068709,0.5597698629298771,nan,,,10m,nan,nan,0.0023019960208330303,0.0,313,no_solution,nan,,,,,
,,,,,,,,,,,,,,2,,,,,,-179.99432090327997,2,0.0,1.6513148659338732,50.27368155567693,0.6063342603466588,nan,,,10m,nan,nan,,0.0,316,skipped_insufficient_features,nan,,,,,
,,,,,,,,,,,,,,3,,raw_lidar_xy_decimated,246,5.0,,-179.99612592180463,3,0.0,1.404913777626258,35.35533905932738,0.5569101976281942,nan,,,10m,nan,nan,0.0035884029930457473,0.0,317,no_solution,nan,,,,,
,,,,,,,,,,,,,,4,,raw_lidar_xy_decimated,255,5.0,,179.99510632811723,4,0.0,1.0001764237514599,60.88110919728943,0.5304958907176693,nan,,,10m,nan,nan,0.002490192011464387,0.0,326,no_solution,nan,,,,,
,,,,,,,,,,,,,,4,,raw_lidar_xy_decimated,314,5.0,,179.90998684115812,4,0.0,1.0180215606822678,76.328151237353,0.531617916466929,nan,,,10m,nan,nan,0.004626356007065624,0.0,330,no_solution,nan,,,,,
,,,,,,,,,,,,,,4,,raw_lidar_xy_decimated,311,5.0,,179.83515729274612,4,0.0,0.83348727137865,82.68516200618492,0.5213299348270931,nan,,,10m,nan,nan,0.00484855700051412,0.0,347,no_solution,nan,,,,,
,,,,,,,,,,,,,,5,,raw_lidar_xy_decimated,317,5.0,,-179.8771279070793,5,0.0,0.3147797321630346,93.00537618869137,0.5030093452662813,nan,,,10m,nan,nan,0.03024454601109028,0.0,350,no_solution,nan,,,,,
,,,,,,,,,,,,,,6,,raw_lidar_xy_decimated,279,5.0,,179.80700288565973,6,0.0,0.3991101828814864,77.11171169803701,0.5050062041409112,nan,,,10m,nan,nan,0.08589943702099845,0.0,355,no_solution,nan,,,,,
,,,,,,,,,,,,,,4,,raw_lidar_xy_decimated,310,5.0,,179.85029842598993,4,0.0,0.9705699015236748,68.0328563795832,0.5299502073187803,nan,,,10m,nan,nan,0.006813580985181034,0.0,362,no_solution,nan,,,,,
,,,,,,,,,,,,,,6,,raw_lidar_xy_decimated,306,5.0,,179.93080235840745,6,0.0,0.5510996490177252,88.56468459787081,0.5122672534504471,nan,,,10m,nan,nan,0.01370442399638705,0.0,397,no_solution,nan,,,,,
,,,,,,,,,,,,,,4,,raw_lidar_xy_decimated,258,5.0,,179.93377795978506,4,0.0,0.6524855767546451,93.52768475322671,0.512972096902659,nan,,,10m,nan,nan,0.0017695690039545298,0.0,398,no_solution,nan,,,,,
,,,,,,,,,,,,,,7,,raw_lidar_xy_decimated,281,5.0,,179.79458773470787,7,0.0,0.5623470615373829,85.14693182963201,0.5095426025493731,nan,,,10m,nan,nan,0.17231409501982853,0.0,399,no_solution,nan,,,,,
,,,,,,,,,,,,,,3,,raw_lidar_xy_decimated,270,5.0,,-179.8376581917038,3,0.0,0.4645810182857421,87.46427842267951,0.5065323426876868,nan,,,10m,nan,nan,0.003531666996423155,0.0,402,no_solution,nan,,,,,
,,,,,,,,,,,,,,6,,raw_lidar_xy_decimated,261,5.0,,179.97030065904426,6,0.0,0.6453784713794104,89.11863203120576,0.5125442236867246,nan,,,10m,nan,nan,0.012468618981074542,0.0,405,no_solution,nan,,,,,
,,,,,,,,,,,,,,5,,raw_lidar_xy_decimated,368,5.0,,179.86030818737603,5,0.0,0.44700415677364014,135.09256086106296,0.5060502844522026,nan,,,10m,nan,nan,0.000542470021173358,0.0,425,no_solution,nan,,,,,
,,,,,,,,,,,,,,1,,,,,,-0.016074124752462313,1,0.0,2.553169145974787,23.16246964380094,0.601534475305312,nan,,,1m,nan,nan,,0.0,2,skipped_insufficient_features,nan,,,,,
,,,,,,,,,,,,,,4,,raw_lidar_xy_decimated,10001,0.5,,2.8178919137656173,4,0.0,1.3264929288449125,82.22527853349996,0.5293157232915136,nan,,,1m,nan,nan,0.5551037839904893,0.0,9,no_solution,nan,,,,,
,,,,,,,,,,,,,,1,,,,,,-1.1715860802315958,1,0.0,3.0639227840684757,20.506096654409877,0.6412187888981249,nan,,,1m,nan,nan,,0.0,10,skipped_insufficient_features,nan,,,,,
,,,,,,,,,,,,,,1,,,,,,-1.3325228097069708,1,0.0,2.895294551458019,21.783020910791965,0.627599152418695,nan,,,1m,nan,nan,,0.0,12,skipped_insufficient_features,nan,,,,,
,,,,,,,,,,,,,,3,,raw_lidar_xy_decimated,8551,0.5,,-0.656672489798474,3,0.0,1.6519148240340427,63.04363568196238,0.5447784517498473,nan,,,1m,nan,nan,0.08104415002162568,0.0,20,no_solution,nan,,,,,
,,,,,,,,,,,,,,4,,raw_lidar_xy_decimated,5253,0.5,,-0.10589940185594611,4,0.0,1.7384603630800444,40.401231755696834,0.5505906420580682,nan,,,1m,nan,nan,0.3831584819999989,0.0,26,no_solution,nan,,,,,
,,,,,,,,,,,,,,2,,,,,,-0.06391904233262571,2,0.0,1.3626531759288152,63.418759239285734,0.5330354540887258,nan,,,1m,nan,nan,,0.0,36,skipped_insufficient_features,nan,,,,,
,,,,,,,,,,,,,,3,,raw_lidar_xy_decimated,6756,0.5,,0.051932943314520294,3,0.0,1.4651959801406282,38.96793553679743,0.5355379242936096,nan,,,1m,nan,nan,0.19041470598313026,0.0,48,no_solution,nan,,,,,
,,,,,,,,,,,,,,4,,raw_lidar_xy_decimated,7290,0.5,,-4.3289440250794025,4,0.0,1.7284572705056744,43.5283484707439,0.5488600569443707,nan,,,1m,nan,nan,0.5814651370164938,0.0,51,no_solution,nan,,,,,
,,,,,,,,,,,,,,4,,raw_lidar_xy_decimated,4817,0.5,,-0.2337594858298045,4,0.0,1.2901213032837822,39.11651105251898,0.5279280634856538,nan,,,1m,nan,nan,0.3350861330109183,0.0,54,no_solution,nan,,,,,
,,,,,,,,,,,,,,2,,,,,,-0.07384324607228306,2,0.0,1.19279061724149,28.76541220715456,0.5268344535152024,nan,,,1m,nan,nan,,0.0,77,skipped_insufficient_features,nan,,,,,
,,,,,,,,,,,,,,2,,,,,,0.035239910434854374,2,0.0,1.8196622829725293,35.102837952410006,0.5571469983330466,nan,,,1m,nan,nan,,0.0,89,skipped_insufficient_features,nan,,,,,
,,,,,,,,,,,,,,2,,,,,,0.1906701993705456,2,0.0,2.1189811132381964,34.99361633238047,0.5746501523940434,nan,,,1m,nan,nan,,0.0,95,skipped_insufficient_features,nan,,,,,
,,,,,,,,,,,,,,2,,,,,,-0.16328789087285003,2,0.0,2.61425453622599,35.41949856909648,0.6132217212042561,nan,,,1m,nan,nan,,0.0,103,skipped_insufficient_features,nan,,,,,
,,,,,,,,,,,,,,3,,raw_lidar_xy_decimated,7728,0.5,,0.13681185225797177,3,0.0,1.9370234222744482,60.054142238483436,0.5606599225239657,nan,,,1m,nan,nan,0.16252036500372924,0.0,117,no_solution,nan,,,,,
,,,,,,,,,,,,,,2,,,,,,0.007471621378338934,2,0.0,1.3027243987342554,88.7496795413193,0.5317912680083763,nan,,,1m,nan,nan,,0.0,136,skipped_insufficient_features,nan,,,,,
,,,,,,,,,,,,,,4,,raw_lidar_xy_decimated,5527,0.5,,-3.938496311525569,4,0.0,2.5978286525420495,62.5390930167997,0.6057991529936464,nan,,,1m,nan,nan,0.287087126984261,0.0,150,no_solution,nan,,,,,
,,,,,,,,,,,,,,4,,raw_lidar_xy_decimated,5913,0.5,,0.3167954192560964,4,0.0,2.1360485654470347,61.576680954634,0.5734221752769841,nan,,,1m,nan,nan,0.20558680401882157,0.0,151,no_solution,nan,,,,,
2,0,inf,inf,5,"[19, 30, 31, 36, 10]","[3, 5, 4, 0, 1]",7.276987023187801,0.6508986650685711,1.9958094734641536,30.35592638669111,-161.16887790091374,-1973.6156990528107,10,6,-0.5546485822413119,raw_lidar_xy_decimated,5234,0.5,2.026203649300669,-0.030394175836511713,6,1.0,1.9447645871656225,73.65439775931208,0.5612381066554835,-3.2881840473085333,201.25462718709218,0.9529996178830722,1m,0.0,204.54281123440072,1.368749797984492,0.8333333333333334,155,solution,0.5546485822413119,156.28639221191406,0.0120124202221632,-0.8092041015625,204.54281123440072,1972.8064949512482
2,0,inf,inf,3,"[0, 8, 4]","[1, 2, 3]",4.3213008386874945,0.25774804708326554,-3.1107597273628294,165.56606428397873,-30.561756193193972,-1975.313179731369,4,5,-0.36680454772861726,raw_lidar_xy_decimated,5050,0.5,3.260019967335893,0.14926023997307056,5,0.6020599913279624,2.070804032494134,56.890245209526036,0.568807248971051,2.7832682516395764,33.512646940216804,0.9988118811881188,1m,0.0,30.729378688577228,1.2035627540026326,0.6,161,solution,0.36680454772861726,162.33958435058594,-0.0022316251415759325,-0.982177734375,30.729378688577228,1974.331001996994
,,,,,,,,,,,,,,4,,raw_lidar_xy_decimated,5202,0.5,,-0.04299612420696146,4,0.0,1.9894043568386484,57.32934162927326,0.5638006936956652,nan,,,1m,nan,nan,0.5775013960083015,0.0,164,no_solution,nan,,,,,
2,0,inf,inf,4,"[16, 0, 9, 4]","[5, 0, 2, 1]",3.4915231429133233,0.0753268629965146,0.28938820704241514,172.45062122785566,0.38623257440196745,-1975.1949435472488,8,6,-0.05699733965923398,raw_lidar_xy_decimated,5532,0.5,0.24056487865595955,0.04882332838645638,6,0.9030899869919435,2.041418691758977,49.71128684789727,0.5670955219379297,-0.6063469462457509,3.549418542610925,0.9866232827187275,1m,0.0,4.155765488856676,1.27480150401243,0.6666666666666666,175,solution,0.05699733965923398,176.58836364746094,-0.0003867052146233618,-1.41552734375,4.155765488856676,1973.7794162034988
5,0,inf,inf,4,"[4, 16, 9, 0]","[1, 5, 4, 0]",4.742663805375447,0.08469593981813646,3.3486422048405773,176.79545762016278,-2.607771844638933,-1975.377364039421,12,6,-0.05230794451320935,raw_lidar_xy_decimated,5713,0.5,3.3266917550111827,0.021950449829388766,6,1.0791812460476249,1.807675880567973,45.39611270680973,0.5534302987096948,-0.38350678207010436,3.4852138518456535,0.9831962191493085,1m,0.0,3.868720633915758,2.829065408994211,0.6666666666666666,178,solution,0.05230794451320935,179.65106201171875,0.002309169853106141,-1.4971923828125,3.868720633915758,1973.8801716566086
5,0,inf,inf,5,"[0, 7, 4, 9, 16]","[0, 2, 1, 4, 6]",2.578910175588597,0.11605878079810261,0.7233621621731251,193.90933434379062,0.9314756746289596,-1975.5123181343079,25,7,-0.10931017243937402,raw_lidar_xy_decimated,7037,0.5,0.7891007682910356,-0.06573860611791954,7,1.3979400086720377,1.8757123635986623,41.018288603987365,0.5570710598235318,-0.9021335180784162,1.3705297892622972,0.989910473213017,1m,0.0,2.2726633073407134,5.34064833202865,0.7142857142857143,194,solution,0.10931017243937402,195.98184204101562,-0.0011069509200751781,-1.7528076171875,2.2726633073407134,1973.7595105171204
,,,,,,,,,,,,,,4,,raw_lidar_xy_decimated,6231,0.5,,0.10866054614293187,4,0.0,1.9460682195488763,38.31617093181293,0.5629230584742766,nan,,,1m,nan,nan,0.6724163110193331,0.0,196,no_solution,nan,,,,,
5,0,inf,inf,5,"[9, 7, 16, 0, 4]","[5, 2, 6, 0, 1]",2.564009830724211,0.04938243367011748,-105.5864467494751,198.54959305723443,-2.1910997723844785,-1975.6579703688622,26,7,-0.04382111176141833,raw_lidar_xy_decimated,7964,0.5,1.8022213542324153,-107.3886681037075,7,1.414973347970818,1.712911107134622,39.654760117796705,0.5480003401976755,0.42650473684945056,2.106677826483994,0.9875690607734806,1m,0.0,1.6801730896345435,2.824793095001951,0.7142857142857143,200,solution,0.04382111176141833,200.22927856445312,-2.150624990463257,-1.796142578125,1.6801730896345435,1973.8618277907372
,,,,,,,,,,,,,,4,,raw_lidar_xy_decimated,5666,0.5,,-88.53339214624326,4,0.0,1.7852240430827424,34.21399835099714,0.5526955615686033,nan,,,1m,nan,nan,0.5522105520067271,0.0,204,no_solution,nan,,,,,
,,,,,,,,,,,,,,4,,raw_lidar_xy_decimated,4842,0.5,,-90.13536323543708,4,0.0,1.4612072298072525,30.528529832184027,0.535386289999315,nan,,,1m,nan,nan,0.24615628499304876,0.0,210,no_solution,nan,,,,,
,,,,,,,,,,,,,,2,,,,,,-89.61315627663696,2,0.0,2.3773024329915984,32.963045958577666,0.5910270818313165,nan,,,1m,nan,nan,,0.0,223,skipped_insufficient_features,nan,,,,,
,,,,,,,,,,,,,,2,,,,,,-89.96540022538525,2,0.0,2.531187044188373,29.350853084364893,0.6004058067231572,nan,,,1m,nan,nan,,0.0,229,skipped_insufficient_features,nan,,,,,
,,,,,,,,,,,,,,2,,,,,,-89.92719279074173,2,0.0,2.540896582005501,26.102988016812034,0.6098187286398914,nan,,,1m,nan,nan,,0.0,246,skipped_insufficient_features,nan,,,,,
,,,,,,,,,,,,,,2,,,,,,-108.2797641414029,2,0.0,2.592635587272758,25.643303629943283,0.6125844148078866,nan,,,1m,nan,nan,,0.0,249,skipped_insufficient_features,nan,,,,,
,,,,,,,,,,,,,,2,,,,,,-83.38405818384007,2,0.0,2.7625396797654203,22.174024211158955,0.6500135710866957,nan,,,1m,nan,nan,,0.0,252,skipped_insufficient_features,nan,,,,,
,,,,,,,,,,,,,,3,,raw_lidar_xy_decimated,7366,0.5,,-89.6620544642588,3,0.0,0.9049146469481076,42.90104893822527,0.5138418616232175,nan,,,1m,nan,nan,0.14129907099413686,0.0,258,no_solution,nan,,,,,
,,,,,,,,,,,,,,4,,raw_lidar_xy_decimated,8484,0.5,,-89.98398465894618,4,0.0,1.1561918694782358,40.14069603967431,0.5225621009152963,nan,,,1m,nan,nan,0.1799665709841065,0.0,273,no_solution,nan,,,,,
3,0,inf,inf,4,"[5, 0, 2, 15]","[2, 0, 1, 3]",3.785670390516034,0.16471680632003327,179.62445595403884,182.74281761844364,-101.11939608174158,-1975.8738276958466,3,4,-0.1841434493879738,raw_lidar_xy_decimated,6575,0.5,0.3780047852019379,-179.99753926075917,4,0.47712125471966244,1.633500046087112,43.55213688988362,0.5439377044100905,-0.07312030647763312,1.0868585474344648,0.996958174904943,1m,0.0,1.1599788539120979,0.5221886270155665,1.0,313,solution,0.1841434493879738,183.03329467773438,-99.99637603759766,-1.7967529296875,1.1599788539120979,1974.077074766159
,,,,,,,,,,,,,,4,,raw_lidar_xy_decimated,5631,0.5,,-179.99432090327997,4,0.0,1.113147961743679,46.12894183108099,0.520869074447984,nan,,,1m,nan,nan,0.29332278500078246,0.0,316,no_solution,nan,,,,,
,,,,,,,,,,,,,,4,,raw_lidar_xy_decimated,5366,0.5,,-179.99612592180463,4,0.0,1.3650010725044348,47.92202338196611,0.5316847835348023,nan,,,1m,nan,nan,0.1698102939990349,0.0,317,no_solution,nan,,,,,
,,,,,,,,,,,,,,2,,,,,,179.99510632811723,2,0.0,2.4878549934801537,30.196753802786624,0.596817251468864,nan,,,1m,nan,nan,,0.0,326,skipped_insufficient_features,nan,,,,,
,,,,,,,,,,,,,,2,,,,,,179.90998684115812,2,0.0,2.660430838837199,34.363818527650466,0.6094934147845636,nan,,,1m,nan,nan,,0.0,330,skipped_insufficient_features,nan,,,,,
,,,,,,,,,,,,,,3,,raw_lidar_xy_decimated,5568,0.5,,179.83515729274612,3,0.0,2.2133727258644544,30.53686296920494,0.5779506456015054,nan,,,1m,nan,nan,0.02660794201074168,0.0,347,no_solution,nan,,,,,
,,,,,,,,,,,,,,4,,raw_lidar_xy_decimated,5492,0.5,,-179.8771279070793,4,0.0,2.2057154229542872,31.53572996959991,0.5774529836164171,nan,,,1m,nan,nan,0.1434745030128397,0.0,350,no_solution,nan,,,,,
,,,,,,,,,,,,,,2,,,,,,179.80700288565973,2,0.0,1.7712567834009616,65.22609381262143,0.5513900288115032,nan,,,1m,nan,nan,,0.0,355,skipped_insufficient_features,nan,,,,,
,,,,,,,,,,,,,,2,,,,,,179.85029842598993,2,0.0,1.3618261285280904,56.16834293193179,0.53089211051971,nan,,,1m,nan,nan,,0.0,362,skipped_insufficient_features,nan,,,,,
,,,,,,,,,,,,,,4,,raw_lidar_xy_decimated,5651,0.5,,179.93080235840745,4,0.0,1.7422949135385737,26.930201728810037,0.5510919093751143,nan,,,1m,nan,nan,0.19327579598757438,0.0,397,no_solution,nan,,,,,
,,,,,,,,,,,,,,2,,,,,,179.93377795978506,2,0.0,0.9697340921531126,56.37961576791929,0.5176142973069949,nan,,,1m,nan,nan,,0.0,398,skipped_insufficient_features,nan,,,,,
,,,,,,,,,,,,,,3,,raw_lidar_xy_decimated,5704,0.5,,179.79458773470787,3,0.0,2.265589217380335,17.902513789968157,0.5814142413636925,nan,,,1m,nan,nan,0.03925433100084774,0.0,399,no_solution,nan,,,,,
,,,,,,,,,,,,,,2,,,,,,-179.8376581917038,2,0.0,1.0910424776206098,54.844354789997496,0.5228186683440618,nan,,,1m,nan,nan,,0.0,402,skipped_insufficient_features,nan,,,,,
,,,,,,,,,,,,,,2,,,,,,179.97030065904426,2,0.0,1.088241193330306,54.79685104382895,0.5238969490973384,nan,,,1m,nan,nan,,0.0,405,skipped_insufficient_features,nan,,,,,
,,,,,,,,,,,,,,2,,,,,,179.86030818737603,2,0.0,1.2058715631940515,78.29774923398884,0.5247517296896915,nan,,,1m,nan,nan,,0.0,425,skipped_insufficient_features,nan,,,,,
,,,,,,,,,,,,,,2,,,,,,-0.016074124752462313,2,0.0,1.8728140726832452,39.382004838907974,0.5697514314219196,nan,,,2m,nan,nan,,0.0,2,skipped_insufficient_features,nan,,,,,
,,,,,,,,,,,,,,4,,raw_lidar_xy_decimated,4721,1.0,,2.8178919137656173,4,0.0,1.3734905955641903,71.34403765611074,0.5355314109833991,nan,,,2m,nan,nan,0.048637853004038334,0.0,9,no_solution,nan,,,,,
,,,,,,,,,,,,,,4,,raw_lidar_xy_decimated,2430,1.0,,-1.1715860802315958,4,0.0,1.1957784471668929,74.61578894117535,0.5271894985502634,nan,,,2m,nan,nan,0.04997025500051677,0.0,10,no_solution,nan,,,,,
,,,,,,,,,,,,,,5,,raw_lidar_xy_decimated,2487,1.0,,-1.3325228097069708,5,0.0,1.2200980976779388,75.16648189186454,0.5282334396558376,nan,,,2m,nan,nan,0.5392569800023921,0.0,12,no_solution,nan,,,,,
,,,,,,,,,,,,,,5,,raw_lidar_xy_decimated,4217,1.0,,-0.656672489798474,5,0.0,1.548104601899511,71.17583859709698,0.544744200448156,nan,,,2m,nan,nan,0.27544696698896587,0.0,20,no_solution,nan,,,,,
,,,,,,,,,,,,,,5,,raw_lidar_xy_decimated,2428,1.0,,-0.10589940185594611,5,0.0,1.3013904033577013,69.00724599634447,0.5320049759673648,nan,,,2m,nan,nan,0.45431596800335683,0.0,26,no_solution,nan,,,,,
,,,,,,,,,,,,,,4,,raw_lidar_xy_decimated,3104,1.0,,-0.06391904233262571,4,0.0,1.5814222357715115,62.97272894926947,0.5469758344746001,nan,,,2m,nan,nan,0.1428194610052742,0.0,36,no_solution,nan,,,,,
,,,,,,,,,,,,,,3,,raw_lidar_xy_decimated,3117,1.0,,0.051932943314520294,3,0.0,1.4179548500655996,40.22437072223753,0.5377858436518873,nan,,,2m,nan,nan,0.00039752500015310943,0.0,48,no_solution,nan,,,,,
,,,,,,,,,,,,,,5,,raw_lidar_xy_decimated,3373,1.0,,-4.3289440250794025,5,0.0,1.718399769107163,37.013511046643494,0.5546195108675565,nan,,,2m,nan,nan,0.16889358201297,0.0,51,no_solution,nan,,,,,
,,,,,,,,,,,,,,4,,raw_lidar_xy_decimated,2061,1.0,,-0.2337594858298045,4,0.0,1.8490987910318157,32.88583785373986,0.5640543812765988,nan,,,2m,nan,nan,0.05544044601265341,0.0,54,no_solution,nan,,,,,
,,,,,,,,,,,,,,3,,raw_lidar_xy_decimated,2025,1.0,,-0.07384324607228306,3,0.0,0.6835608255442274,31.144823004794873,0.5090287311088788,nan,,,2m,nan,nan,0.07668544398620725,0.0,77,no_solution,nan,,,,,
,,,,,,,,,,,,,,2,,,,,,0.035239910434854374,2,0.0,0.76480071530752,67.76617566600405,0.5164077359450334,nan,,,2m,nan,nan,,0.0,89,skipped_insufficient_features,nan,,,,,
,,,,,,,,,,,,,,4,,raw_lidar_xy_decimated,2993,1.0,,0.1906701993705456,4,0.0,1.2639733060772367,42.84808274425201,0.5321744081847346,nan,,,2m,nan,nan,0.07073262397898361,0.0,95,no_solution,nan,,,,,
,,,,,,,,,,,,,,4,,raw_lidar_xy_decimated,2538,1.0,,-0.16328789087285003,4,0.0,1.4190144309676678,43.658152701794066,0.5397383984302588,nan,,,2m,nan,nan,0.04263016697950661,0.0,103,no_solution,nan,,,,,
,,,,,,,,,,,,,,5,,raw_lidar_xy_decimated,3564,1.0,,0.13681185225797177,5,0.0,1.470871010409865,94.62557793746889,0.5405518793144786,nan,,,2m,nan,nan,0.4000863599940203,0.0,117,no_solution,nan,,,,,
,,,,,,,,,,,,,,3,,raw_lidar_xy_decimated,1806,1.0,,0.007471621378338934,3,0.0,1.6603451140461667,87.78382538941898,0.5511572215265615,nan,,,2m,nan,nan,0.0007663140131626278,0.0,136,no_solution,nan,,,,,
5,0,inf,inf,4,"[0, 3, 10, 4]","[0, 1, 6, 2]",4.677590171843108,0.1598910100349885,-2.8032785096165878,146.76288010054785,-1.7055448023828248,-1974.4958114624023,14,7,-0.06563417392756195,raw_lidar_xy_decimated,2668,1.0,1.1352178019089934,-3.938496311525569,7,1.146128035678238,2.056058880177688,79.61155694998057,0.5766157445761968,-1.252563252222905,3.489933751314614,0.9793853073463268,2m,0.0,4.742497003537519,0.9893959100008942,0.5714285714285714,150,solution,0.06563417392756195,151.1990509033203,-0.028742358088493347,-0.6396484375,4.742497003537519,1973.8561630249023
5,0,inf,inf,6,"[10, 13, 3, 8, 9, 0]","[4, 8, 1, 5, 3, 0]",4.389767549397266,0.2107612409114025,2.407643833339619,145.00628683747811,2.1513462914091974,-1974.373182296753,49,10,-0.1328426575223989,raw_lidar_xy_decimated,2854,1.0,2.090848414083524,0.3167954192560964,10,1.6901960800285136,1.7638213404332823,71.7373036618084,0.557491460389422,-0.6099666036088438,6.940283725396062,0.9646110721793973,2m,0.0,7.550250329004906,2.8483177360030822,0.6,151,solution,0.1328426575223989,152.229248046875,-0.04754238203167915,-0.674560546875,7.550250329004906,1973.698621749878
5,0,inf,inf,4,"[3, 13, 0, 9]","[2, 8, 3, 7]",4.370300693345306,0.23984428250939246,0.23927483323695578,152.14012746408298,2.1951172950057867,-1974.695725440979,44,10,-0.12666424628329728,raw_lidar_xy_decimated,2517,1.0,0.2696690090734535,-0.030394175836511713,10,1.6434526764861874,1.9224322435151882,76.98181379290615,0.5676820769117785,-0.6230579356548356,4.062820664288911,0.9570917759237187,2m,0.0,4.685878599943747,5.221988392993808,0.4,155,solution,0.12666424628329728,156.28639221191406,0.0120124202221632,-0.8092041015625,4.685878599943747,1973.8865213394165
5,0,inf,inf,5,"[0, 13, 9, 8, 3]","[0, 7, 5, 4, 1]",6.905955787741802,0.12356440975591255,-3.4931445925942097,162.19394279870042,1.0772112615289942,-1974.8893320560455,16,8,-0.0664366760028699,raw_lidar_xy_decimated,2280,1.0,3.64240483256728,0.14926023997307056,8,1.2041199826559248,1.8966159186974247,65.73525646137489,0.5658468480179124,4.08241657437004,5.171640337983061,0.9692982456140351,2m,0.0,1.0892237636130215,2.658657546999166,0.625,161,solution,0.0664366760028699,162.33958435058594,-0.0022316251415759325,-0.982177734375,1.0892237636130215,1973.9071543216705
2,0,inf,inf,4,"[8, 13, 0, 4]","[3, 6, 0, 4]",7.077598398002513,0.20044145464228788,-3.525146711103815,160.90861187772128,1.023465207254457,-1974.9468417167664,9,7,-0.09955947610204907,raw_lidar_xy_decimated,2330,1.0,3.4821505868968643,-0.04299612420696146,7,0.9542425094393249,1.941574178599222,53.16013544000805,0.5688134505432096,4.910441186420487,9.464832205805193,0.9738197424892704,2m,0.0,4.554391019384706,2.2362828699988313,0.5714285714285714,164,solution,0.09955947610204907,165.34600830078125,-0.0022006945218890905,-1.0755615234375,4.554391019384706,1973.8712801933289
,,,,,,,,,,,,,,7,,raw_lidar_xy_decimated,2360,1.0,,0.04882332838645638,7,0.0,1.9479747051154888,57.42821606144492,0.5692405746138425,nan,,,2m,nan,nan,1.2058359930233564,0.0,175,no_solution,nan,,,,,
2,0,inf,inf,3,"[0, 8, 3]","[0, 5, 1]",2.756614069849409,0.09104891353719595,-2.380067884592436,176.8423526246427,1.5968366690564864,-1975.3845139741898,6,7,-0.07212089245948292,raw_lidar_xy_decimated,2452,1.0,2.4020183344218253,0.021950449829388766,7,0.7781512503836436,1.700733740617176,50.774009099144415,0.5535556203982952,0.7706172842847914,4.000379871033995,0.9714518760195758,2m,0.0,3.2297625867492035,0.5271470389852766,0.42857142857142855,178,solution,0.07212089245948292,179.65106201171875,0.002309169853106141,-1.4971923828125,3.2297625867492035,1973.8873215913773
5,0,inf,inf,5,"[8, 5, 3, 0, 4]","[5, 2, 1, 0, 3]",5.176825841001085,0.08163666222360844,-0.06282429446381367,192.34102780360465,-0.2986153400059832,-1975.5623186826706,23,8,-0.06717484039708402,raw_lidar_xy_decimated,3077,1.0,0.0029143116541092695,-0.06573860611791954,8,1.3617278360175928,1.7894001097620822,44.13870125060282,0.5590617173822972,2.0320148388185886,5.684964270840743,0.9827754306142347,2m,0.0,3.652949432022154,1.1341640680038836,0.625,194,solution,0.06717484039708402,195.98184204101562,-0.0011069509200751781,-1.7528076171875,3.652949432022154,1973.809511065483
,,,,,,,,,,,,,,5,,raw_lidar_xy_decimated,2724,1.0,,0.10866054614293187,5,0.0,1.521654704750394,41.10960958218893,0.543287947114292,nan,,,2m,nan,nan,0.23551639399374835,0.0,196,no_solution,nan,,,,,
2,0,inf,inf,6,"[5, 6, 0, 16, 3, 12]","[4, 5, 7, 0, 6, 1]",13.161948669710224,1.148445593794968,-107.77911673019847,207.5625746504017,-96.02644650280374,-1975.8182576298714,8,8,-0.5968395435244515,raw_lidar_xy_decimated,3378,1.0,0.3904486264909792,-107.3886681037075,8,0.9030899869919435,1.2936066220350229,53.239946801806525,0.5343014871530523,1.5517723165356472,95.7135856810891,0.9937833037300178,2m,0.0,94.16181336455345,2.3169160899997223,0.75,200,solution,0.5968395435244515,200.22927856445312,-2.150624990463257,-1.796142578125,94.16181336455345,1974.0221150517464
,,,,,,,,,,,,,,4,,raw_lidar_xy_decimated,2379,1.0,,-88.53339214624326,4,0.0,1.810166161727185,34.66295728112672,0.5613850023353562,nan,,,2m,nan,nan,0.2465130730124656,0.0,204,no_solution,nan,,,,,
,,,,,,,,,,,,,,4,,raw_lidar_xy_decimated,1943,1.0,,-90.13536323543708,4,0.0,1.463990286302045,30.869490023720118,0.5402188489773687,nan,,,2m,nan,nan,0.08357910200720653,0.0,210,no_solution,nan,,,,,
,,,,,,,,,,,,,,3,,raw_lidar_xy_decimated,2874,1.0,,-89.61315627663696,3,0.0,1.9526252802390947,43.657759905886145,0.5695516025451423,nan,,,2m,nan,nan,0.0005875040078535676,0.0,223,no_solution,nan,,,,,
,,,,,,,,,,,,,,3,,raw_lidar_xy_decimated,3294,1.0,,-89.96540022538525,3,0.0,2.3334641193770738,35.4682957019364,0.5968849465994864,nan,,,2m,nan,nan,0.07599701001890935,0.0,229,no_solution,nan,,,,,
,,,,,,,,,,,,,,4,,raw_lidar_xy_decimated,2953,1.0,,-89.92719279074173,4,0.0,1.156636723714784,44.064027675473255,0.5280293523629894,nan,,,2m,nan,nan,0.11857998298364691,0.0,246,no_solution,nan,,,,,
,,,,,,,,,,,,,,2,,,,,,-108.2797641414029,2,0.0,2.8027402534221317,24.308604613256094,0.6465251125666298,nan,,,2m,nan,nan,,0.0,249,skipped_insufficient_features,nan,,,,,
,,,,,,,,,,,,,,4,,raw_lidar_xy_decimated,2850,1.0,,-83.38405818384007,4,0.0,1.5769602988875406,32.448086820530364,0.5463682480022729,nan,,,2m,nan,nan,0.16314383599092253,0.0,252,no_solution,nan,,,,,
2,0,inf,inf,4,"[0, 3, 12, 4]","[0, 1, 6, 5]",5.768253465932112,0.2546096308756082,-90.12286424236659,197.03934052910634,-58.9750243395009,-1976.5675428509712,7,7,-0.153041250879988,raw_lidar_xy_decimated,2897,1.0,0.4608097781077731,-89.6620544642588,7,0.8450980400142568,0.3238803020119456,45.09988913511872,0.5020409274727435,-0.012008187921827673,3.481993318580168,1.0,2m,0.0,3.494001506501996,0.6583365320111625,0.5714285714285714,258,solution,0.153041250879988,199.98475646972656,-60.85453796386719,-2.556396484375,3.494001506501996,1974.0111463665962
,,,,,,,,,,,,,,4,,raw_lidar_xy_decimated,3607,1.0,,-89.98398465894618,4,0.0,1.0749125090580889,44.56216945504258,0.5223303553322469,nan,,,2m,nan,nan,0.22752737998962402,0.0,273,no_solution,nan,,,,,
,,,,,,,,,,,,,,4,,raw_lidar_xy_decimated,2735,1.0,,-179.99753926075917,4,0.0,1.5390532380065092,45.29668256807545,0.5448332016890846,nan,,,2m,nan,nan,0.06875841598957777,0.0,313,no_solution,nan,,,,,
,,,,,,,,,,,,,,4,,raw_lidar_xy_decimated,2305,1.0,,-179.99432090327997,4,0.0,1.1288948362294398,45.06250870532165,0.5243144473942355,nan,,,2m,nan,nan,0.10271316600847058,0.0,316,no_solution,nan,,,,,
,,,,,,,,,,,,,,4,,raw_lidar_xy_decimated,2105,1.0,,-179.99612592180463,4,0.0,1.379595387180674,48.47059919788594,0.5368082493311506,nan,,,2m,nan,nan,0.060764804016798735,0.0,317,no_solution,nan,,,,,
,,,,,,,,,,,,,,1,,,,,,179.99510632811723,1,0.0,2.4657009357733046,42.5440947723653,0.6071844908943996,nan,,,2m,nan,nan,,0.0,326,skipped_insufficient_features,nan,,,,,
,,,,,,,,,,,,,,4,,raw_lidar_xy_decimated,2594,1.0,,179.90998684115812,4,0.0,0.7200823382264872,59.56858313173873,0.5145414356641096,nan,,,2m,nan,nan,0.2753982299764175,0.0,330,no_solution,nan,,,,,
,,,,,,,,,,,,,,4,,raw_lidar_xy_decimated,2355,1.0,,179.83515729274612,4,0.0,2.0431832579036486,45.21496397429672,0.5759011382624495,nan,,,2m,nan,nan,0.07055674001458101,0.0,347,no_solution,nan,,,,,
2,0,inf,inf,5,"[13, 6, 9, 4, 2]","[4, 0, 6, 1, 5]",12.357424909933478,0.7741493146542451,-179.8819456763079,182.46720430760342,-121.6108969412004,-1975.663851428777,7,7,-0.4415818485209727,raw_lidar_xy_decimated,2354,1.0,0.0048177692285946705,-179.8771279070793,7,0.8450980400142568,0.599625668825265,79.76214641043707,0.506961677647116,-1.3483470029803186,41.52955797151307,0.9762107051826678,2m,0.0,42.87790497449339,1.0073319769871887,0.7142857142857143,350,solution,0.4415818485209727,145.4346466064453,-99.99829864501953,-1.3955078125,42.87790497449339,1974.268343616277
,,,,,,,,,,,,,,5,,raw_lidar_xy_decimated,1769,1.0,,179.80700288565973,5,0.0,1.4798278392120399,60.41522986797286,0.5410286823266359,nan,,,2m,nan,nan,0.07924504799302667,0.0,355,no_solution,nan,,,,,
,,,,,,,,,,,,,,4,,raw_lidar_xy_decimated,1886,1.0,,179.85029842598993,4,0.0,0.35621958973310486,77.92841654388906,0.5026620038689691,nan,,,2m,nan,nan,0.16931269399356097,0.0,362,no_solution,nan,,,,,
,,,,,,,,,,,,,,3,,raw_lidar_xy_decimated,2255,1.0,,179.93080235840745,3,0.0,0.6617833669580142,74.09453421137081,0.5084672664274597,nan,,,2m,nan,nan,0.027939859981415793,0.0,397,no_solution,nan,,,,,
,,,,,,,,,,,,,,4,,raw_lidar_xy_decimated,2011,1.0,,179.93377795978506,4,0.0,0.6528997909352607,78.47982754948193,0.508255188927712,nan,,,2m,nan,nan,0.23637362199951895,0.0,398,no_solution,nan,,,,,
,,,,,,,,,,,,,,4,,raw_lidar_xy_decimated,2210,1.0,,179.79458773470787,4,0.0,0.6410581960949748,66.08313377746533,0.5080245014394563,nan,,,2m,nan,nan,0.1018859329924453,0.0,399,no_solution,nan,,,,,
,,,,,,,,,,,,,,5,,raw_lidar_xy_decimated,2119,1.0,,-179.8376581917038,5,0.0,0.5113928699258072,89.31965069345043,0.5050730539662494,nan,,,2m,nan,nan,0.15059182900586165,0.0,402,no_solution,nan,,,,,
,,,,,,,,,,,,,,4,,raw_lidar_xy_decimated,2276,1.0,,179.97030065904426,4,0.0,0.6369718275861447,82.74545525205914,0.5078496105754841,nan,,,2m,nan,nan,0.08949538398883305,0.0,405,no_solution,nan,,,,,
,,,,,,,,,,,,,,3,,raw_lidar_xy_decimated,2803,1.0,,179.86030818737603,3,0.0,1.0309727024256983,96.13532129243653,0.5203137018505178,nan,,,2m,nan,nan,0.05804418298066594,0.0,425,no_solution,nan,,,,,
,,,,,,,,,,,,,,2,,,,,,-0.016074124752462313,2,0.0,1.8798278563315107,38.37504552012695,0.5616589832928354,nan,,,5m,nan,nan,,0.0,2,skipped_insufficient_features,nan,,,,,
,,,,,,,,,,,,,,4,,raw_lidar_xy_decimated,1473,2.5,,2.8178919137656173,4,0.0,1.3316967157308577,78.47662033678967,0.5295561049251758,nan,,,5m,nan,nan,0.050429957977030426,0.0,9,no_solution,nan,,,,,
,,,,,,,,,,,,,,4,,raw_lidar_xy_decimated,782,2.5,,-1.1715860802315958,4,0.0,1.1028476832773886,85.60430467546844,0.5204650819707922,nan,,,5m,nan,nan,0.015880623017437756,0.0,10,no_solution,nan,,,,,
,,,,,,,,,,,,,,3,,raw_lidar_xy_decimated,813,2.5,,-1.3325228097069708,3,0.0,1.205942347925784,88.38834764831844,0.5243341936624352,nan,,,5m,nan,nan,0.0071081230125855654,0.0,12,no_solution,nan,,,,,
,,,,,,,,,,,,,,6,,raw_lidar_xy_decimated,1332,2.5,,-0.656672489798474,6,0.0,1.3915122344361732,72.5432962634428,0.5323913042148072,nan,,,5m,nan,nan,0.11873893102165312,0.0,20,no_solution,nan,,,,,
,,,,,,,,,,,,,,5,,raw_lidar_xy_decimated,839,2.5,,-0.10589940185594611,5,0.0,1.3368380318592392,57.554322166106694,0.5297482499594407,nan,,,5m,nan,nan,0.14297963900025934,0.0,26,no_solution,nan,,,,,
,,,,,,,,,,,,,,2,,,,,,-0.06391904233262571,2,0.0,1.5146460811734526,58.88242892485057,0.5411436709538765,nan,,,5m,nan,nan,,0.0,36,skipped_insufficient_features,nan,,,,,
,,,,,,,,,,,,,,2,,,,,,0.051932943314520294,2,0.0,0.7266652950840187,53.46573581693873,0.5099078340924763,nan,,,5m,nan,nan,,0.0,48,skipped_insufficient_features,nan,,,,,
,,,,,,,,,,,,,,3,,raw_lidar_xy_decimated,1056,2.5,,-4.3289440250794025,3,0.0,1.6633309872678201,36.9120576505835,0.5453739914090668,nan,,,5m,nan,nan,0.005846800981089473,0.0,51,no_solution,nan,,,,,
,,,,,,,,,,,,,,5,,raw_lidar_xy_decimated,678,2.5,,-0.2337594858298045,5,0.0,1.4511600531888007,49.11720676097125,0.5348821116495718,nan,,,5m,nan,nan,0.03824996799812652,0.0,54,no_solution,nan,,,,,
,,,,,,,,,,,,,,4,,raw_lidar_xy_decimated,645,2.5,,-0.07384324607228306,4,0.0,0.5877265899072688,48.6028334575748,0.5060212559054422,nan,,,5m,nan,nan,0.04737954001757316,0.0,77,no_solution,nan,,,,,
,,,,,,,,,,,,,,3,,raw_lidar_xy_decimated,760,2.5,,0.035239910434854374,3,0.0,1.3316666780583997,48.088460154178364,0.529524864146818,nan,,,5m,nan,nan,0.0006390410126186907,0.0,89,no_solution,nan,,,,,
5,0,inf,inf,6,"[1, 15, 4, 6, 0, 3]","[0, 7, 3, 1, 5, 4]",11.236848718677761,0.7199192294050063,0.8699341356290413,216.9510570328252,21.474464925567112,-1975.9050053954124,7,9,-0.31423004409901173,raw_lidar_xy_decimated,964,2.5,0.6792639362585078,0.1906701993705456,9,0.8450980400142568,0.23978336306085288,81.62413858657254,0.5009842222866203,-5.340153984705722,118.02118657318229,0.9232365145228216,5m,0.0,123.36134055788801,1.294755170994904,0.6666666666666666,95,solution,0.31423004409901173,95.47307586669922,0.0007499222992919385,-1.2357177734375,123.36134055788801,1974.669287621975
,,,,,,,,,,,,,,3,,raw_lidar_xy_decimated,813,2.5,,-0.16328789087285003,3,0.0,1.1818759913044639,50.62114182829147,0.5233938387299307,nan,,,5m,nan,nan,0.00036006601294502616,0.0,103,no_solution,nan,,,,,
,,,,,,,,,,,,,,9,,raw_lidar_xy_decimated,1167,2.5,,0.13681185225797177,9,0.0,1.4702467837076207,93.60822613424527,0.5357752664782582,nan,,,5m,nan,nan,1.2488480029860511,0.0,117,no_solution,nan,,,,,
,,,,,,,,,,,,,,5,,raw_lidar_xy_decimated,652,2.5,,0.007471621378338934,5,0.0,1.293453352648736,88.670739254841,0.52789820536239,nan,,,5m,nan,nan,0.0625318440143019,0.0,136,no_solution,nan,,,,,
4,0,inf,inf,4,"[1, 9, 0, 4]","[1, 6, 0, 2]",11.375764531505418,0.04642024962940309,-3.0029276213839,147.08184176686177,1.7987759580386324,-1974.441890001297,49,13,-0.10724146868231177,raw_lidar_xy_decimated,974,2.5,0.9355686901416789,-3.938496311525569,13,1.6901960800285136,1.1614856073839581,97.78803607803972,0.5226106785325431,3.0634274652532785,7.5680067207573725,0.971252566735113,5m,0.0,4.504579255504094,3.737461501994403,0.3076923076923077,150,solution,0.10724146868231177,151.1990509033203,-0.028742358088493347,-0.6396484375,4.504579255504094,1973.802241563797
5,0,inf,inf,6,"[0, 6, 1, 5, 9, 4]","[0, 6, 1, 5, 11, 2]",9.742795298407588,0.13579214981327578,2.6396486907315593,145.1739939589205,-3.8820392414041596,-1974.6435692310333,51,13,-0.21727195864902976,raw_lidar_xy_decimated,1061,2.5,2.322853271475452,0.3167954192560964,13,1.7075701760979363,1.4753025202489163,92.53377761660873,0.5360135540668971,-3.1521669216446915,4.877775569440536,0.9622997172478793,5m,0.0,8.029942491085228,1.6672272470023017,0.46153846153846156,151,solution,0.21727195864902976,152.229248046875,-0.04754238203167915,-0.674560546875,8.029942491085228,1973.9690086841583
5,0,inf,inf,5,"[6, 9, 0, 5, 3]","[6, 8, 0, 4, 2]",11.813449373175418,0.14276256349512698,-3.4398696937460227,151.35991227931768,0.03652953078477239,-1974.6202508211136,13,12,-0.12594804570102688,raw_lidar_xy_decimated,906,2.5,3.409475517909499,-0.030394175836511713,12,1.1139433523068367,1.331030786450353,99.51588930007165,0.5295128852614504,4.906647811227066,9.833188749348373,0.9580573951434879,5m,0.0,4.926540938121307,3.032239986991044,0.4166666666666667,155,solution,0.12594804570102688,156.28639221191406,0.0120124202221632,-0.8092041015625,4.926540938121307,1973.811046719551
2,0,inf,inf,3,"[0, 9, 4]","[0, 3, 1]",5.46128562644858,0.12840605411930733,-2.009553813021145,159.0164487195043,3.964173191804484,-1974.8943387269974,3,6,-0.1311230163585751,raw_lidar_xy_decimated,790,2.5,2.1588140529942166,0.14926023997307056,6,0.47712125471966244,1.1137549077768745,107.57890948783415,0.520828777363596,0.31166946343146407,5.486183700966934,0.9544303797468354,5m,0.0,5.17451423753547,0.262289651989704,0.5,161,solution,0.1311230163585751,162.33958435058594,-0.0022316251415759325,-0.982177734375,5.17451423753547,1973.9121609926224
4,0,inf,inf,5,"[1, 5, 6, 7, 4]","[0, 3, 1, 8, 4]",11.284594844381992,0.4775760305948242,-0.5652315056798832,186.28511379328273,34.09044897627145,-1975.080170750618,17,10,-0.33509222119436793,raw_lidar_xy_decimated,766,2.5,0.5222353814729104,-0.04299612420696146,10,1.2304489213782739,1.3470226155413125,87.57348598744323,0.5314399898124118,0.0184031507480924,40.02783829299362,0.8968668407310705,5m,0.0,40.00943514224553,1.5070545890193898,0.5,164,solution,0.33509222119436793,165.34600830078125,-0.0022006945218890905,-1.0755615234375,40.00943514224553,1974.0046092271805
,,,,,,,,,,,,,,7,,raw_lidar_xy_decimated,727,2.5,,0.04882332838645638,7,0.0,2.0435616115597925,64.90377492873584,0.5671135958166823,nan,,,5m,nan,nan,0.4101159280107822,0.0,175,no_solution,nan,,,,,
,,,,,,,,,,,,,,6,,raw_lidar_xy_decimated,747,2.5,,0.021950449829388766,6,0.0,1.625379088666194,59.634396458510686,0.5435336731462732,nan,,,5m,nan,nan,0.24017623197869398,0.0,178,no_solution,nan,,,,,
5,0,inf,inf,6,"[0, 1, 6, 9, 8, 4]","[0, 1, 7, 9, 8, 4]",7.584692520235995,0.17086189191783602,0.2706867082079014,190.71922647818175,0.8055048897450554,-1975.5463964939117,7,10,-0.07947815435634147,raw_lidar_xy_decimated,898,2.5,0.33642531432582246,-0.06573860611791954,10,0.8450980400142568,1.4027735308998541,65.64201217522064,0.5326639490356126,2.388618026564302,7.71269026721642,0.965478841870824,5m,0.0,5.324072240652118,1.40948921898962,0.6,194,solution,0.07947815435634147,195.98184204101562,-0.0011069509200751781,-1.7528076171875,5.324072240652118,1973.7935888767242
,,,,,,,,,,,,,,7,,raw_lidar_xy_decimated,819,2.5,,0.10866054614293187,7,0.0,1.5825718414372225,42.573465914816005,0.541235940880757,nan,,,5m,nan,nan,0.1382756259990856,0.0,196,no_solution,nan,,,,,
5,0,inf,inf,7,"[6, 9, 1, 0, 5, 8, 4]","[5, 9, 1, 0, 6, 8, 2]",9.08930623179433,0.16254172865086733,-111.5014343240479,196.82368382069828,-3.1733365888969924,-1975.6596186161041,8,10,-0.0841637556692089,raw_lidar_xy_decimated,938,2.5,4.112766220340404,-107.3886681037075,10,0.9030899869919435,0.8313495399531856,68.09696575963069,0.5117715986894916,-0.38715006522540785,3.1686922502128803,0.9584221748400853,5m,0.0,3.555842315438288,1.4667930789873935,0.7,200,solution,0.0841637556692089,200.22927856445312,-2.150624990463257,-1.796142578125,3.555842315438288,1973.8634760379791
3,0,inf,inf,4,"[1, 0, 6, 8]","[1, 0, 3, 4]",4.157042284138889,0.10306298674625623,-87.58763534088666,198.15463071177456,-4.433616287657337,-1975.914268374443,3,5,-0.06991669212852838,raw_lidar_xy_decimated,720,2.5,0.9457568053566092,-88.53339214624326,5,0.47712125471966244,1.6520567361863443,35.531676008879735,0.5447858335408662,0.8316605047935579,3.364522344986559,0.9847222222222223,5m,0.0,2.532861840193001,0.05083919002208859,0.8,204,solution,0.06991669212852838,199.98281860351562,-6.186647415161133,-2.009765625,2.532861840193001,1973.904502749443
,,,,,,,,,,,,,,4,,raw_lidar_xy_decimated,607,2.5,,-90.13536323543708,4,0.0,1.528917832333967,28.50438562747845,0.5385871568191536,nan,,,5m,nan,nan,0.01633568899706006,0.0,210,no_solution,nan,,,,,
,,,,,,,,,,,,,,5,,raw_lidar_xy_decimated,796,2.5,,-89.61315627663696,5,0.0,1.8971076588039775,44.30011286667337,0.5583128982128919,nan,,,5m,nan,nan,0.05331237698555924,0.0,223,no_solution,nan,,,,,
,,,,,,,,,,,,,,5,,raw_lidar_xy_decimated,912,2.5,,-89.96540022538525,5,0.0,2.3476869886626783,34.8209706929603,0.5869805534915603,nan,,,5m,nan,nan,0.04251665898482315,0.0,229,no_solution,nan,,,,,
,,,,,,,,,,,,,,6,,raw_lidar_xy_decimated,828,2.5,,-89.92719279074173,6,0.0,0.9110337509900333,41.208997798120336,0.5143422954580503,nan,,,5m,nan,nan,0.20731041798717342,0.0,246,no_solution,nan,,,,,
,,,,,,,,,,,,,,2,,,,,,-108.2797641414029,2,0.0,1.8702434070989788,42.544328416387145,0.5979245224699407,nan,,,5m,nan,nan,,0.0,249,skipped_insufficient_features,nan,,,,,
,,,,,,,,,,,,,,3,,raw_lidar_xy_decimated,791,2.5,,-83.38405818384007,3,0.0,1.6013241079136815,35.531676008879735,0.5421811791752138,nan,,,5m,nan,nan,0.006333260011160746,0.0,252,no_solution,nan,,,,,
,,,,,,,,,,,,,,2,,,,,,-89.6620544642588,2,0.0,2.778985920046095,60.83132666897089,0.6786056662341418,nan,,,5m,nan,nan,,0.0,258,skipped_insufficient_features,nan,,,,,
3,0,inf,inf,5,"[0, 8, 1, 6, 4]","[0, 5, 1, 4, 3]",6.273964385037478,0.20527937363296817,-92.02630853214103,198.78622293864078,-75.67923261665842,-1976.0636053085327,3,6,-0.1377541696704691,raw_lidar_xy_decimated,1090,2.5,2.042323873194846,-89.98398465894618,6,0.47712125471966244,1.1531148676198806,50.65089991503611,0.5223263306835342,-0.5152326273446752,0.7452089546374623,0.9990825688073395,5m,0.0,1.2604415819821375,0.09274450500379317,0.8333333333333334,273,solution,0.1377541696704691,199.99266052246094,-76.04422760009766,-2.223876953125,1.2604415819821375,1973.8397283554077
,,,,,,,,,,,,,,5,,raw_lidar_xy_decimated,801,2.5,,-179.99753926075917,5,0.0,0.8879767923423151,53.033008588991066,0.5133351205029392,nan,,,5m,nan,nan,0.03258646797621623,0.0,313,no_solution,nan,,,,,
,,,,,,,,,,,,,,5,,raw_lidar_xy_decimated,702,2.5,,-179.99432090327997,5,0.0,1.1736708023194773,45.96194077712559,0.5230771919473733,nan,,,5m,nan,nan,0.09316754201427102,0.0,316,no_solution,nan,,,,,
,,,,,,,,,,,,,,5,,raw_lidar_xy_decimated,598,2.5,,-179.99612592180463,5,0.0,1.3072874095912288,45.96194077712559,0.528482190588941,nan,,,5m,nan,nan,0.056242343998746946,0.0,317,no_solution,nan,,,,,
,,,,,,,,,,,,,,5,,raw_lidar_xy_decimated,583,2.5,,179.99510632811723,5,0.0,0.5925704266356849,53.96758286230726,0.5059813367633316,nan,,,5m,nan,nan,0.06957960600266233,0.0,326,no_solution,nan,,,,,
,,,,,,,,,,,,,,6,,raw_lidar_xy_decimated,757,2.5,,179.90998684115812,6,0.0,0.3949442163724428,69.46806137684038,0.5027210890803848,nan,,,5m,nan,nan,0.2715314929955639,0.0,330,no_solution,nan,,,,,
,,,,,,,,,,,,,,3,,raw_lidar_xy_decimated,744,2.5,,179.83515729274612,3,0.0,2.265740128828771,56.67892024377317,0.5814243388056447,nan,,,5m,nan,nan,0.006600225024158135,0.0,347,no_solution,nan,,,,,
,,,,,,,,,,,,,,7,,raw_lidar_xy_decimated,729,2.5,,-179.8771279070793,7,0.0,0.3052927407079583,84.03868156985806,0.5015945072688662,nan,,,5m,nan,nan,0.13721738901222125,0.0,350,no_solution,nan,,,,,
,,,,,,,,,,,,,,6,,raw_lidar_xy_decimated,593,2.5,,179.80700288565973,6,0.0,0.38886404223027493,82.38614555654426,0.502691144579303,nan,,,5m,nan,nan,0.2567766499996651,0.0,355,no_solution,nan,,,,,
,,,,,,,,,,,,,,5,,raw_lidar_xy_decimated,629,2.5,,179.85029842598993,5,0.0,0.3464804145960946,98.04335775563789,0.5020528376695367,nan,,,5m,nan,nan,0.0769047930079978,0.0,362,no_solution,nan,,,,,
,,,,,,,,,,,,,,7,,raw_lidar_xy_decimated,669,2.5,,179.93080235840745,7,0.0,0.6105664262255475,92.53377761660873,0.5063478674575601,nan,,,5m,nan,nan,0.3284208370023407,0.0,397,no_solution,nan,,,,,
,,,,,,,,,,,,,,5,,raw_lidar_xy_decimated,608,2.5,,179.93377795978506,5,0.0,0.6393611458389287,84.03868156985806,0.5069565683708931,nan,,,5m,nan,nan,0.14630329998908564,0.0,398,no_solution,nan,,,,,
,,,,,,,,,,,,,,6,,raw_lidar_xy_decimated,645,2.5,,179.79458773470787,6,0.0,0.5697201327486945,81.45847563971424,0.5055376466060547,nan,,,5m,nan,nan,0.10630687102093361,0.0,399,no_solution,nan,,,,,
,,,,,,,,,,,,,,6,,raw_lidar_xy_decimated,631,2.5,,-179.8376581917038,6,0.0,0.4864262041652393,92.11953416323078,0.504038158101596,nan,,,5m,nan,nan,0.07704574600211345,0.0,402,no_solution,nan,,,,,
,,,,,,,,,,,,,,4,,raw_lidar_xy_decimated,625,2.5,,179.97030065904426,4,0.0,0.6097377987666459,89.50559622513887,0.5063318090281568,nan,,,5m,nan,nan,0.015658499993151054,0.0,405,no_solution,nan,,,,,
,,,,,,,,,,,,,,6,,raw_lidar_xy_decimated,853,2.5,,179.86030818737603,6,0.0,0.4200694525746086,142.3841612893629,0.5030365486403902,nan,,,5m,nan,nan,0.0956163770169951,0.0,425,no_solution,nan,,,,,
