resolution,site,truth_x_m,truth_y_m,truth_z_m,darces_status,darces_available,darces_source,darces_x_m,darces_y_m,darces_z_m,darces_heading_deg,darces_xy_error_m,darces_z_error_m,darces_heading_error_deg,ransac_status,ransac_available,ransac_source,ransac_x_m,ransac_y_m,ransac_z_m,ransac_heading_deg,ransac_xy_error_m,ransac_z_error_m,ransac_heading_error_deg,moga_status,moga_available,moga_source,moga_x_m,moga_y_m,moga_z_m,moga_heading_deg,moga_xy_error_m,moga_z_error_m,moga_heading_error_deg,darces_to_ransac_error_reduction_m,darces_to_ransac_result,ransac_to_moga_error_reduction_m,ransac_to_moga_result,darces_to_moga_error_reduction_m,darces_to_moga_result,best_available_stage
0p25m,1,-0.005049131810665131,-0.0011176990810781717,-0.49565547704696655,skipped_insufficient_features,False,,,,,,,,,darces_unavailable,False,none,,,,,,,,feature_pose_unavailable,False,none,,,,,,,,,not_comparable,,not_comparable,,not_comparable,none
0p25m,2,12.267229080200195,-0.6570590734481812,-0.8115395307540894,skipped_insufficient_features,False,,,,,,,,,darces_unavailable,False,none,,,,,,,,feature_pose_unavailable,False,none,,,,,,,,,not_comparable,,not_comparable,,not_comparable,none
0p25m,3,23.901281356811523,-10.196999549865723,-0.5373302102088928,no_solution,False,,,,,,,,,darces_unavailable,False,none,,,,,,,,feature_pose_unavailable,False,none,,,,,,,,,not_comparable,,not_comparable,,not_comparable,none
0p25m,4,36.56502151489258,-34.223609924316406,-2.5595836639404297,skipped_insufficient_features,False,,,,,,,,,darces_unavailable,False,none,,,,,,,,feature_pose_unavailable,False,none,,,,,,,,,not_comparable,,not_comparable,,not_comparable,none
0p25m,5,19.5212345123291,-46.497894287109375,-2.1845808029174805,skipped_insufficient_features,False,,,,,,,,,darces_unavailable,False,none,,,,,,,,feature_pose_unavailable,False,none,,,,,,,,,not_comparable,,not_comparable,,not_comparable,none
0p25m,6,-0.9627990126609802,-59.02731704711914,-0.45432978868484497,no_solution,False,,,,,,,,,darces_unavailable,False,none,,,,,,,,feature_pose_unavailable,False,none,,,,,,,,,not_comparable,,not_comparable,,not_comparable,none
0p25m,7,-8.252805709838867,-83.77835845947266,-1.3806068897247314,skipped_insufficient_features,False,,,,,,,,,darces_unavailable,False,none,,,,,,,,feature_pose_unavailable,False,none,,,,,,,,,not_comparable,,not_comparable,,not_comparable,none
0p25m,8,-11.781176567077637,-93.33480834960938,-2.9016098976135254,skipped_insufficient_features,False,,,,,,,,,darces_unavailable,False,none,,,,,,,,feature_pose_unavailable,False,none,,,,,,,,,not_comparable,,not_comparable,,not_comparable,none
0p25m,9,-18.610734939575195,-138.35015869140625,-2.200972080230713,skipped_insufficient_features,False,,,,,,,,,darces_unavailable,False,none,,,,,,,,feature_pose_unavailable,False,none,,,,,,,,,not_comparable,,not_comparable,,not_comparable,none
0p25m,10,-23.69623565673828,-150.10791015625,-0.596463680267334,skipped_insufficient_features,False,,,,,,,,,darces_unavailable,False,none,,,,,,,,feature_pose_unavailable,False,none,,,,,,,,,not_comparable,,not_comparable,,not_comparable,none
0p25m,11,-26.17138671875,-156.74221801757812,-0.03909933567047119,skipped_insufficient_features,False,,,,,,,,,darces_unavailable,False,none,,,,,,,,feature_pose_unavailable,False,none,,,,,,,,,not_comparable,,not_comparable,,not_comparable,none
0p25m,12,-27.199756622314453,-174.37538146972656,1.2406376600265503,skipped_insufficient_features,False,,,,,,,,,darces_unavailable,False,none,,,,,,,,feature_pose_unavailable,False,none,,,,,,,,,not_comparable,,not_comparable,,not_comparable,none
0p25m,13,-30.75284194946289,-198.97962951660156,2.7760562896728516,skipped_insufficient_features,False,,,,,,,,,darces_unavailable,False,none,,,,,,,,feature_pose_unavailable,False,none,,,,,,,,,not_comparable,,not_comparable,,not_comparable,none
0p25m,14,-50.64036178588867,-224.77685546875,3.8478145599365234,skipped_insufficient_features,False,,,,,,,,,darces_unavailable,False,none,,,,,,,,feature_pose_unavailable,False,none,,,,,,,,,not_comparable,,not_comparable,,not_comparable,none
0p25m,15,-16.422508239746094,6.153733253479004,0.1715155839920044,skipped_insufficient_features,False,,,,,,,,,darces_unavailable,False,none,,,,,,,,feature_pose_unavailable,False,none,,,,,,,,,not_comparable,,not_comparable,,not_comparable,none
0p25m,16,-178.57537841796875,-323.9828796386719,6.217787742614746,skipped_insufficient_features,False,,,,,,,,,darces_unavailable,False,none,,,,,,,,feature_pose_unavailable,False,none,,,,,,,,,not_comparable,,not_comparable,,not_comparable,none
0p25m,17,-102.15924835205078,-266.02862548828125,3.638662815093994,skipped_insufficient_features,False,,,,,,,,,darces_unavailable,False,none,,,,,,,,feature_pose_unavailable,False,none,,,,,,,,,not_comparable,,not_comparable,,not_comparable,none
0p25m,18,-131.5979461669922,-290.22393798828125,5.277122974395752,no_solution,False,,,,,,,,,darces_unavailable,False,none,,,,,,,,feature_pose_unavailable,False,none,,,,,,,,,not_comparable,,not_comparable,,not_comparable,none
0p25m,19,-162.78665161132812,-310.0521240234375,5.476531028747559,skipped_insufficient_features,False,,,,,,,,,darces_unavailable,False,none,,,,,,,,feature_pose_unavailable,False,none,,,,,,,,,not_comparable,,not_comparable,,not_comparable,none
0p25m,20,-194.00518798828125,-337.96356201171875,6.880199909210205,no_solution,False,,,,,,,,,darces_unavailable,False,none,,,,,,,,feature_pose_unavailable,False,none,,,,,,,,,not_comparable,,not_comparable,,not_comparable,none
0p25m,21,-211.0142364501953,-352.2628173828125,5.4391608238220215,skipped_insufficient_features,False,,,,,,,,,darces_unavailable,False,none,,,,,,,,feature_pose_unavailable,False,none,,,,,,,,,not_comparable,,not_comparable,,not_comparable,none
0p25m,22,-236.06866455078125,-371.45111083984375,5.889065742492676,skipped_insufficient_features,False,,,,,,,,,darces_unavailable,False,none,,,,,,,,feature_pose_unavailable,False,none,,,,,,,,,not_comparable,,not_comparable,,not_comparable,none
0p25m,23,-252.51278686523438,-377.9277648925781,6.394556045532227,skipped_insufficient_features,False,,,,,,,,,darces_unavailable,False,none,,,,,,,,feature_pose_unavailable,False,none,,,,,,,,,not_comparable,,not_comparable,,not_comparable,none
0p25m,24,-279.89703369140625,-394.0205078125,5.653914928436279,skipped_insufficient_features,False,,,,,,,,,darces_unavailable,False,none,,,,,,,,feature_pose_unavailable,False,none,,,,,,,,,not_comparable,,not_comparable,,not_comparable,none
0p25m,25,-301.57952880859375,-399.9701232910156,3.864340305328369,skipped_insufficient_features,False,,,,,,,,,darces_unavailable,False,none,,,,,,,,feature_pose_unavailable,False,none,,,,,,,,,not_comparable,,not_comparable,,not_comparable,none
0p25m,26,-312.87744140625,-352.31488037109375,5.095863342285156,no_solution,False,,,,,,,,,darces_unavailable,False,none,,,,,,,,feature_pose_unavailable,False,none,,,,,,,,,not_comparable,,not_comparable,,not_comparable,none
0p25m,27,-355.8419494628906,-339.0829162597656,6.069794654846191,skipped_insufficient_features,False,,,,,,,,,darces_unavailable,False,none,,,,,,,,feature_pose_unavailable,False,none,,,,,,,,,not_comparable,,not_comparable,,not_comparable,none
0p25m,28,-390.8143615722656,-362.02740478515625,6.942140579223633,skipped_insufficient_features,False,,,,,,,,,darces_unavailable,False,none,,,,,,,,feature_pose_unavailable,False,none,,,,,,,,,not_comparable,,not_comparable,,not_comparable,none
0p5m,1,-0.005049131810665131,-0.0011176990810781717,-0.49565547704696655,no_solution,False,,,,,,,,,darces_unavailable,False,none,,,,,,,,feature_pose_unavailable,False,none,,,,,,,,,not_comparable,,not_comparable,,not_comparable,none
0p5m,2,12.267229080200195,-0.6570590734481812,-0.8115395307540894,no_solution,False,,,,,,,,,darces_unavailable,False,none,,,,,,,,feature_pose_unavailable,False,none,,,,,,,,,not_comparable,,not_comparable,,not_comparable,none
0p5m,3,23.901281356811523,-10.196999549865723,-0.5373302102088928,solution,True,,21.078462617775386,-9.524559348098325,-0.03548252582550049,-43.07203560410413,2.9018065852855432,0.5018476843833923,2.3538385602182643,solution,True,darces,21.078462617775386,-9.524559348098325,-0.03548252582550049,-43.07203560410413,2.9018065852855432,0.5018476843833923,2.3538385602182643,solution,True,darces,20.26279711746344,-11.785335870457018,-0.03548252582550049,-40.77695159090939,3.970060431189166,0.5018476843833923,0.058754547023529134,0.0,unchanged,-1.0682538459036226,worsened,-1.0682538459036226,worsened,DARCES
0p5m,4,36.56502151489258,-34.223609924316406,-2.5595836639404297,skipped_insufficient_features,False,,,,,,,,,darces_unavailable,False,none,,,,,,,,feature_pose_unavailable,False,none,,,,,,,,,not_comparable,,not_comparable,,not_comparable,none
0p5m,5,19.5212345123291,-46.497894287109375,-2.1845808029174805,skipped_insufficient_features,False,,,,,,,,,darces_unavailable,False,none,,,,,,,,feature_pose_unavailable,False,none,,,,,,,,,not_comparable,,not_comparable,,not_comparable,none
0p5m,6,-0.9627990126609802,-59.02731704711914,-0.45432978868484497,solution,True,,-2.5490631902504255,-57.470541068743245,0.02948176860809326,-151.92763073717032,2.222562819798745,0.48381155729293823,2.6706144947134476,solution,True,darces,-2.5490631902504255,-57.470541068743245,0.02948176860809326,-151.92763073717032,2.222562819798745,0.48381155729293823,2.6706144947134476,solution,True,darces,-2.3369495540706664,-60.45888182873423,0.02948176860809326,-149.2968459819135,1.9843556723574496,0.48381155729293823,0.03982973945660616,0.0,unchanged,0.23820714744129523,improved,0.23820714744129523,improved,MOGA
0p5m,7,-8.252805709838867,-83.77835845947266,-1.3806068897247314,skipped_insufficient_features,False,,,,,,,,,darces_unavailable,False,none,,,,,,,,feature_pose_unavailable,False,none,,,,,,,,,not_comparable,,not_comparable,,not_comparable,none
0p5m,8,-11.781176567077637,-93.33480834960938,-2.9016098976135254,skipped_insufficient_features,False,,,,,,,,,darces_unavailable,False,none,,,,,,,,feature_pose_unavailable,False,none,,,,,,,,,not_comparable,,not_comparable,,not_comparable,none
0p5m,9,-18.610734939575195,-138.35015869140625,-2.200972080230713,skipped_insufficient_features,False,,,,,,,,,darces_unavailable,False,none,,,,,,,,feature_pose_unavailable,False,none,,,,,,,,,not_comparable,,not_comparable,,not_comparable,none
0p5m,10,-23.69623565673828,-150.10791015625,-0.596463680267334,skipped_insufficient_features,False,,,,,,,,,darces_unavailable,False,none,,,,,,,,feature_pose_unavailable,False,none,,,,,,,,,not_comparable,,not_comparable,,not_comparable,none
0p5m,11,-26.17138671875,-156.74221801757812,-0.03909933567047119,skipped_insufficient_features,False,,,,,,,,,darces_unavailable,False,none,,,,,,,,feature_pose_unavailable,False,none,,,,,,,,,not_comparable,,not_comparable,,not_comparable,none
0p5m,12,-27.199756622314453,-174.37538146972656,1.2406376600265503,skipped_insufficient_features,False,,,,,,,,,darces_unavailable,False,none,,,,,,,,feature_pose_unavailable,False,none,,,,,,,,,not_comparable,,not_comparable,,not_comparable,none
0p5m,13,-30.75284194946289,-198.97962951660156,2.7760562896728516,skipped_insufficient_features,False,,,,,,,,,darces_unavailable,False,none,,,,,,,,feature_pose_unavailable,False,none,,,,,,,,,not_comparable,,not_comparable,,not_comparable,none
0p5m,14,-50.64036178588867,-224.77685546875,3.8478145599365234,no_solution,False,,,,,,,,,darces_unavailable,False,none,,,,,,,,feature_pose_unavailable,False,none,,,,,,,,,not_comparable,,not_comparable,,not_comparable,none
0p5m,15,-16.422508239746094,6.153733253479004,0.1715155839920044,no_solution,False,,,,,,,,,darces_unavailable,False,none,,,,,,,,feature_pose_unavailable,False,none,,,,,,,,,not_comparable,,not_comparable,,not_comparable,none
0p5m,16,-178.57537841796875,-323.9828796386719,6.217787742614746,skipped_insufficient_features,False,,,,,,,,,darces_unavailable,False,none,,,,,,,,feature_pose_unavailable,False,none,,,,,,,,,not_comparable,,not_comparable,,not_comparable,none
0p5m,17,-102.15924835205078,-266.02862548828125,3.638662815093994,no_solution,False,,,,,,,,,darces_unavailable,False,none,,,,,,,,feature_pose_unavailable,False,none,,,,,,,,,not_comparable,,not_comparable,,not_comparable,none
0p5m,18,-131.5979461669922,-290.22393798828125,5.277122974395752,solution,True,,890.0251051700117,593.0945434229814,-15.860376358032227,-137.70442918972896,1350.54255713244,21.13749933242798,1.4193998508196728,solution,True,ransac,887.8113911954161,588.0453483922443,-15.452794432640076,-140.2656809833943,1345.5676632934599,20.729917407035828,1.1418519428456761,solution,True,ransac,887.9232183140714,588.3631822992758,-15.452794432640076,-139.13584248785187,1345.859848855001,20.729917407035828,0.012013447303230859,4.974893838980051,improved,-0.29218556154114594,worsened,4.6827082774389055,improved,RANSAC
0p5m,19,-162.78665161132812,-310.0521240234375,5.476531028747559,no_solution,False,,,,,,,,,darces_unavailable,False,none,,,,,,,,feature_pose_unavailable,False,none,,,,,,,,,not_comparable,,not_comparable,,not_comparable,none
0p5m,20,-194.00518798828125,-337.96356201171875,6.880199909210205,solution,True,,-190.51039558494875,-335.63909215302226,7.445396423339844,-138.68713849204354,4.1972293321164855,0.5651965141296387,1.6671312998892063,solution,True,darces,-190.51039558494875,-335.63909215302226,7.445396423339844,-138.68713849204354,4.1972293321164855,0.5651965141296387,1.6671312998892063,solution,True,darces,-187.30503880314527,-335.7958207869577,7.445396423339844,-137.1211988012521,7.042094938340936,0.5651965141296387,0.10119160909776871,0.0,unchanged,-2.8448656062244506,worsened,-2.8448656062244506,worsened,DARCES
0p5m,21,-211.0142364501953,-352.2628173828125,5.4391608238220215,skipped_insufficient_features,False,,,,,,,,,darces_unavailable,False,none,,,,,,,,feature_pose_unavailable,False,none,,,,,,,,,not_comparable,,not_comparable,,not_comparable,none
0p5m,22,-236.06866455078125,-371.45111083984375,5.889065742492676,no_solution,False,,,,,,,,,darces_unavailable,False,none,,,,,,,,feature_pose_unavailable,False,none,,,,,,,,,not_comparable,,not_comparable,,not_comparable,none
0p5m,23,-252.51278686523438,-377.9277648925781,6.394556045532227,no_solution,False,,,,,,,,,darces_unavailable,False,none,,,,,,,,feature_pose_unavailable,False,none,,,,,,,,,not_comparable,,not_comparable,,not_comparable,none
0p5m,24,-279.89703369140625,-394.0205078125,5.653914928436279,skipped_insufficient_features,False,,,,,,,,,darces_unavailable,False,none,,,,,,,,feature_pose_unavailable,False,none,,,,,,,,,not_comparable,,not_comparable,,not_comparable,none
0p5m,25,-301.57952880859375,-399.9701232910156,3.864340305328369,skipped_insufficient_features,False,,,,,,,,,darces_unavailable,False,none,,,,,,,,feature_pose_unavailable,False,none,,,,,,,,,not_comparable,,not_comparable,,not_comparable,none
0p5m,26,-312.87744140625,-352.31488037109375,5.095863342285156,solution,True,,-312.08200042034485,-353.96018055908314,5.636096902191639,95.41513447104738,1.8274952997629508,0.5402335599064827,0.7725102667152726,solution,True,darces,-312.08200042034485,-353.96018055908314,5.636096902191639,95.41513447104738,1.8274952997629508,0.5402335599064827,0.7725102667152726,solution,True,darces,-312.84510910362724,-356.21064092266886,5.636096902191639,94.63180341119646,3.8958947179052057,0.5402335599064827,0.010820793135669022,0.0,unchanged,-2.068399418142255,worsened,-2.068399418142255,worsened,DARCES
0p5m,27,-355.8419494628906,-339.0829162597656,6.069794654846191,solution,True,,-362.2363636489216,-307.26742468732687,6.741978406906128,163.16618925813157,32.45171854892181,0.6721837520599365,2.069454705452813,solution,True,darces,-362.2363636489216,-307.26742468732687,6.741978406906128,163.16618925813157,32.45171854892181,0.6721837520599365,2.069454705452813,solution,True,darces,-360.812049089233,-308.85276283795235,6.741978406906128,165.21867399493783,30.635992985410763,0.6721837520599365,0.016969968646552407,0.0,unchanged,1.815725563511048,improved,1.815725563511048,improved,MOGA
0p5m,28,-390.8143615722656,-362.02740478515625,6.942140579223633,solution,True,,-140.07878935703695,-160.0125517330429,2.781571924686432,-142.50690391759372,321.991192469243,4.160568654537201,3.6913590143932424,solution,True,darces,-140.07878935703695,-160.0125517330429,2.781571924686432,-142.50690391759372,321.991192469243,4.160568654537201,3.6913590143932424,solution,True,darces,-141.15872207221852,-157.72258007216442,2.781571924686432,-146.13829605316937,322.5963417882847,4.160568654537201,0.05996687881757731,0.0,unchanged,-0.6051493190416863,worsened,-0.6051493190416863,worsened,DARCES
1m,1,-0.005049131810665131,-0.0011176990810781717,-0.49565547704696655,solution,True,,-2.9155591443369566,2.8831386547785343,0.08491510152816772,0.928127314781967,4.097560646017986,0.5805705785751343,1.2003311920203146,solution,True,darces,-2.9155591443369566,2.8831386547785343,0.08491510152816772,0.928127314781967,4.097560646017986,0.5805705785751343,1.2003311920203146,solution,True,darces,-4.865755333664203,3.2317420137833115,0.08491510152816772,-0.35176425198744093,5.837623378036568,0.5805705785751343,0.07956037474906982,0.0,unchanged,-1.7400627320185817,worsened,-1.7400627320185817,worsened,DARCES
1m,2,12.267229080200195,-0.6570590734481812,-0.8115395307540894,solution,True,,-758.8949655976437,-343.82489942984995,13.665531635284424,2.850042654660341,844.0706707114197,14.477071166038513,4.781917403225606,solution,True,darces,-758.8949655976437,-343.82489942984995,13.665531635284424,2.850042654660341,844.0706707114197,14.477071166038513,4.781917403225606,solution,True,darces,-754.2516939706821,-341.73176048932663,13.665531635284424,-1.5271342670681969,838.9774796387654,14.477071166038513,0.4047404814970642,0.0,unchanged,5.0931910726542355,improved,5.0931910726542355,improved,MOGA
1m,3,23.901281356811523,-10.196999549865723,-0.5373302102088928,solution,True,,20.070381418614737,-10.6801872302199,0.007704436779022217,-42.03836177419846,3.8612516974320896,0.545034646987915,1.320164730312598,solution,True,darces,20.070381418614737,-10.6801872302199,0.007704436779022217,-42.03836177419846,3.8612516974320896,0.545034646987915,1.320164730312598,solution,True,darces,21.620837425553763,-9.84189869080108,0.007704436779022217,-40.76165608453855,2.307925723180622,0.545034646987915,0.04345904065269024,0.0,unchanged,1.5533259742514676,improved,1.5533259742514676,improved,MOGA
1m,4,36.56502151489258,-34.223609924316406,-2.5595836639404297,no_solution,False,,,,,,,,,darces_unavailable,False,none,,,,,,,,feature_pose_unavailable,False,none,,,,,,,,,not_comparable,,not_comparable,,not_comparable,none
1m,5,19.5212345123291,-46.497894287109375,-2.1845808029174805,no_solution,False,,,,,,,,,darces_unavailable,False,none,,,,,,,,feature_pose_unavailable,False,none,,,,,,,,,not_comparable,,not_comparable,,not_comparable,none
1m,6,-0.9627990126609802,-59.02731704711914,-0.45432978868484497,solution,True,,-1.1364103930787195,-56.72613982060858,0.11265134811401367,-150.6797854152964,2.307716953879177,0.5669811367988586,1.422769172839537,solution,True,darces,-1.1364103930787195,-56.72613982060858,0.11265134811401367,-150.6797854152964,2.307716953879177,0.5669811367988586,1.422769172839537,solution,True,darces,0.19699006045041162,-59.80131237392299,0.11265134811401367,-149.18762077219984,1.3943383592309215,0.5669811367988586,0.06939547025704013,0.0,unchanged,0.9133785946482555,improved,0.9133785946482555,improved,MOGA
1m,7,-8.252805709838867,-83.77835845947266,-1.3806068897247314,skipped_insufficient_features,False,,,,,,,,,darces_unavailable,False,none,,,,,,,,feature_pose_unavailable,False,none,,,,,,,,,not_comparable,,not_comparable,,not_comparable,none
1m,8,-11.781176567077637,-93.33480834960938,-2.9016098976135254,skipped_insufficient_features,False,,,,,,,,,darces_unavailable,False,none,,,,,,,,feature_pose_unavailable,False,none,,,,,,,,,not_comparable,,not_comparable,,not_comparable,none
1m,9,-18.610734939575195,-138.35015869140625,-2.200972080230713,skipped_insufficient_features,False,,,,,,,,,darces_unavailable,False,none,,,,,,,,feature_pose_unavailable,False,none,,,,,,,,,not_comparable,,not_comparable,,not_comparable,none
1m,10,-23.69623565673828,-150.10791015625,-0.596463680267334,skipped_insufficient_features,False,,,,,,,,,darces_unavailable,False,none,,,,,,,,feature_pose_unavailable,False,none,,,,,,,,,not_comparable,,not_comparable,,not_comparable,none
1m,11,-26.17138671875,-156.74221801757812,-0.03909933567047119,no_solution,False,,,,,,,,,darces_unavailable,False,none,,,,,,,,feature_pose_unavailable,False,none,,,,,,,,,not_comparable,,not_comparable,,not_comparable,none
1m,12,-27.199756622314453,-174.37538146972656,1.2406376600265503,solution,True,,-223.82968355023542,-254.74542132265907,6.036197900772095,-100.28179955450268,212.4209770000164,4.795560240745544,4.570522717304613,solution,True,darces,-223.82968355023542,-254.74542132265907,6.036197900772095,-100.28179955450268,212.4209770000164,4.795560240745544,4.570522717304613,solution,True,darces,-216.5515342706932,-257.570894259238,6.036197900772095,-95.92925230554596,206.8226028433808,4.795560240745544,0.2179754683478923,0.0,unchanged,5.5983741566356,improved,5.5983741566356,improved,MOGA
1m,13,-30.75284194946289,-198.97962951660156,2.7760562896728516,no_solution,False,,,,,,,,,darces_unavailable,False,none,,,,,,,,feature_pose_unavailable,False,none,,,,,,,,,not_comparable,,not_comparable,,not_comparable,none
1m,14,-50.64036178588867,-224.77685546875,3.8478145599365234,solution,True,,-433.85065369584845,188.58071375584797,12.48390194773674,-128.10865654114923,563.6617849925475,8.636087387800217,3.832304824970663,solution,True,darces,-433.85065369584845,188.58071375584797,12.48390194773674,-128.10865654114923,563.6617849925475,8.636087387800217,3.832304824970663,solution,True,darces,-433.88514342158624,190.283697668913,12.48390194773674,-131.50353761661586,564.9352400248512,8.636087387800217,0.43742374950405816,0.0,unchanged,-1.2734550323036729,worsened,-1.2734550323036729,worsened,DARCES
1m,15,-16.422508239746094,6.153733253479004,0.1715155839920044,solution,True,,-497.1080273785436,510.91000238389455,12.139117658138275,148.98043385328276,697.0204154371605,11.96760207414627,0.5315256450906531,solution,True,darces,-497.1080273785436,510.91000238389455,12.139117658138275,148.98043385328276,697.0204154371605,11.96760207414627,0.5315256450906531,solution,True,darces,-494.5665430610161,510.12498961503644,12.139117658138275,148.5548977507783,694.700471623426,11.96760207414627,0.10598954258617709,0.0,unchanged,2.3199438137345396,improved,2.3199438137345396,improved,MOGA
1m,16,-178.57537841796875,-323.9828796386719,6.217787742614746,no_solution,False,,,,,,,,,darces_unavailable,False,none,,,,,,,,feature_pose_unavailable,False,none,,,,,,,,,not_comparable,,not_comparable,,not_comparable,none
1m,17,-102.15924835205078,-266.02862548828125,3.638662815093994,solution,True,,-345.2786558790213,-364.2232714921689,8.108587265014648,-142.89942979444226,262.200752897649,4.469924449920654,0.12116030192197513,solution,True,ransac,-347.59605337732773,-362.78598149127015,8.108587265014648,-126.96516118555297,263.82041467957885,4.469924449920654,16.05542891081126,solution,True,ransac,-346.61418918737064,-360.556175312607,8.108587265014648,-142.9542054852669,262.09478395151274,4.469924449920654,0.0663846110973218,-1.6196617819298353,worsened,1.7256307280661076,improved,0.10596894613627228,improved,MOGA
1m,18,-131.5979461669922,-290.22393798828125,5.277122974395752,solution,True,,936.1826009831475,664.891645326566,-17.246506452560425,-140.83312013059435,1432.6203524880948,22.523629426956177,1.709291090045724,solution,True,darces,936.1826009831475,664.891645326566,-17.246506452560425,-140.83312013059435,1432.6203524880948,22.523629426956177,1.709291090045724,solution,True,darces,937.0962749889278,666.8515228315779,-17.246506452560425,-139.20385369670365,1434.6082308545438,22.523629426956177,0.08002465615500903,0.0,unchanged,-1.9878783664489674,worsened,-1.9878783664489674,worsened,DARCES
1m,19,-162.78665161132812,-310.0521240234375,5.476531028747559,solution,True,,705.7969009411148,120.01505192212987,-12.67282086610794,-165.09765945053147,969.2240007296652,18.1493518948555,2.0182284760243476,solution,True,darces,705.7969009411148,120.01505192212987,-12.67282086610794,-165.09765945053147,969.2240007296652,18.1493518948555,2.0182284760243476,solution,True,darces,705.5421604840585,121.69511416983724,-12.67282086610794,-163.11504901123203,969.7425450100174,18.1493518948555,0.03561803672492219,0.0,unchanged,-0.5185442803521028,worsened,-0.5185442803521028,worsened,DARCES
1m,20,-194.00518798828125,-337.96356201171875,6.880199909210205,solution,True,,-191.84975000831372,-338.7325203129709,7.454341173171997,-140.88513126156715,2.2884950851052985,0.574141263961792,3.865124069412815,solution,True,darces,-191.84975000831372,-338.7325203129709,7.454341173171997,-140.88513126156715,2.2884950851052985,0.574141263961792,3.865124069412815,solution,True,darces,-188.10105661735906,-334.94853041572975,7.454341173171997,-137.2000089775487,6.629417981234814,0.574141263961792,0.18000178539435957,0.0,unchanged,-4.340922896129516,worsened,-4.340922896129516,worsened,DARCES
1m,21,-211.0142364501953,-352.2628173828125,5.4391608238220215,skipped_insufficient_features,False,,,,,,,,,darces_unavailable,False,none,,,,,,,,feature_pose_unavailable,False,none,,,,,,,,,not_comparable,,not_comparable,,not_comparable,none
1m,22,-236.06866455078125,-371.45111083984375,5.889065742492676,solution,True,,-235.90411990268242,-371.6641356711308,6.460026979446411,-154.7702088094138,0.2691737727989852,0.5709612369537354,0.15168675309737978,solution,True,darces,-235.90411990268242,-371.6641356711308,6.460026979446411,-154.7702088094138,0.2691737727989852,0.5709612369537354,0.15168675309737978,solution,True,darces,-232.5336040919455,-372.1829016747849,6.460026979446411,-154.6766440680612,3.610009733190179,0.5709612369537354,0.05812201174479653,0.0,unchanged,-3.340835960391194,worsened,-3.340835960391194,worsened,DARCES
1m,23,-252.51278686523438,-377.9277648925781,6.394556045532227,solution,True,,-406.2621861159126,-131.1433038236311,9.569019973278046,-156.91056076174635,290.76012105348127,3.174463927745819,2.0317149721884107,solution,True,darces,-406.2621861159126,-131.1433038236311,9.569019973278046,-156.91056076174635,290.76012105348127,3.174463927745819,2.0317149721884107,solution,True,darces,-405.25781858295005,-128.2524541494691,9.569019973278046,-159.0414974912771,292.6923393413535,3.174463927745819,0.09922175734235036,0.0,unchanged,-1.9322182878722174,worsened,-1.9322182878722174,worsened,DARCES
1m,24,-279.89703369140625,-394.0205078125,5.653914928436279,skipped_insufficient_features,False,,,,,,,,,darces_unavailable,False,none,,,,,,,,feature_pose_unavailable,False,none,,,,,,,,,not_comparable,,not_comparable,,not_comparable,none
1m,25,-301.57952880859375,-399.9701232910156,3.864340305328369,no_solution,False,,,,,,,,,darces_unavailable,False,none,,,,,,,,feature_pose_unavailable,False,none,,,,,,,,,not_comparable,,not_comparable,,not_comparable,none
1m,26,-312.87744140625,-352.31488037109375,5.095863342285156,solution,True,,-312.5101494939811,-353.7603625372522,5.658276028931141,95.07557186591626,1.4914161194986113,0.5624126866459846,0.4329476615841372,solution,True,darces,-312.5101494939811,-353.7603625372522,5.658276028931141,95.07557186591626,1.4914161194986113,0.5624126866459846,0.4329476615841372,solution,True,darces,-314.23170320983473,-356.43454294778206,5.658276028931141,94.73352835470199,4.336547564412821,0.5624126866459846,0.09090415036986371,0.0,unchanged,-2.8451314449142098,worsened,-2.8451314449142098,worsened,DARCES
1m,27,-355.8419494628906,-339.0829162597656,6.069794654846191,solution,True,,-357.3971993340792,-343.2197861572765,6.645580887794495,168.4438353023956,4.419558203119789,0.5757862329483032,3.2081913388112184,solution,True,darces,-357.3971993340792,-343.2197861572765,6.645580887794495,168.4438353023956,4.419558203119789,0.5757862329483032,3.2081913388112184,solution,True,darces,-362.48856895503815,-340.9228831405979,6.645580887794495,165.5149938992514,6.896595449637089,0.5757862329483032,0.27934993566703004,0.0,unchanged,-2.4770372465173,worsened,-2.4770372465173,worsened,DARCES
1m,28,-390.8143615722656,-362.02740478515625,6.942140579223633,solution,True,,-241.16206183204247,-168.78946082124287,4.61154118925333,-149.79908523906124,244.41095271067155,2.3305993899703026,3.6008223070742815,solution,True,darces,-241.16206183204247,-168.78946082124287,4.61154118925333,-149.79908523906124,244.41095271067155,2.3305993899703026,3.6008223070742815,solution,True,darces,-241.91759784815008,-168.9617453622267,4.61154118925333,-146.401873727965,243.81262292163157,2.3305993899703026,0.2036107959780441,0.0,unchanged,0.5983297890399797,improved,0.5983297890399797,improved,MOGA
2m,1,-0.005049131810665131,-0.0011176990810781717,-0.49565547704696655,solution,True,,-447.5793231672797,-153.35564706000187,9.016412615776062,-1.539493586007095,473.11768351424644,9.512068092823029,1.2672897087687431,solution,True,darces,-447.5793231672797,-153.35564706000187,9.016412615776062,-1.539493586007095,473.11768351424644,9.512068092823029,1.2672897087687431,solution,True,darces,-447.24168144116027,-154.45451123277982,9.016412615776062,-0.5720053925691515,473.15584753174505,9.512068092823029,0.2998015153307804,0.0,unchanged,-0.038164017498615976,worsened,-0.038164017498615976,worsened,DARCES
2m,2,12.267229080200195,-0.6570590734481812,-0.8115395307540894,solution,True,,-440.8750822160913,-156.08548797826955,8.674283981323242,0.6043841757390954,479.0573564812112,9.485823512077332,2.5362589243043487,solution,True,darces,-440.8750822160913,-156.08548797826955,8.674283981323242,0.6043841757390954,479.0573564812112,9.485823512077332,2.5362589243043487,solution,True,darces,-437.48996057139766,-154.57769273649964,8.674283981323242,-1.5737183781645148,475.3662704804987,9.485823512077332,0.35815637040074616,0.0,unchanged,3.6910860007124597,improved,3.6910860007124597,improved,MOGA
2m,3,23.901281356811523,-10.196999549865723,-0.5373302102088928,solution,True,,21.646478373086772,-11.651761779137736,0.02593141794204712,-41.4787568824333,2.6833690836578032,0.5632616281509399,0.760559838547465,solution,True,darces,21.646478373086772,-11.651761779137736,0.02593141794204712,-41.4787568824333,2.6833690836578032,0.5632616281509399,0.760559838547465,solution,True,darces,18.86667256156173,-12.388359349134344,0.02593141794204712,-41.05528450049625,5.4908417834661,0.5632616281509399,0.33708745661039147,0.0,unchanged,-2.8074726998082964,worsened,-2.8074726998082964,worsened,DARCES
2m,4,36.56502151489258,-34.223609924316406,-2.5595836639404297,solution,True,,-444.19717236007557,-176.02356546325598,8.005398988723755,-67.41744799391275,501.23798185125366,10.564982652664185,2.626113056853569,solution,True,darces,-444.19717236007557,-176.02356546325598,8.005398988723755,-67.41744799391275,501.23798185125366,10.564982652664185,2.626113056853569,solution,True,darces,-450.421661811119,-182.04786731631293,8.005398988723755,-64.82573343406266,508.9283258086195,10.564982652664185,0.03439849700348348,0.0,unchanged,-7.690343957365826,worsened,-7.690343957365826,worsened,DARCES
2m,5,19.5212345123291,-46.497894287109375,-2.1845808029174805,no_solution,False,,,,,,,,,darces_unavailable,False,none,,,,,,,,feature_pose_unavailable,False,none,,,,,,,,,not_comparable,,not_comparable,,not_comparable,none
2m,6,-0.9627990126609802,-59.02731704711914,-0.45432978868484497,solution,True,,-280.0227798676692,-99.01186180537476,6.557100057601929,-149.97689162893326,281.9099798416553,7.011429846286774,0.7198753864763887,solution,True,darces,-280.0227798676692,-99.01186180537476,6.557100057601929,-149.97689162893326,281.9099798416553,7.011429846286774,0.7198753864763887,solution,True,darces,-281.0823632468077,-101.27162104133328,6.557100057601929,-149.39808609615315,283.28704786255906,7.011429846286774,0.14106985369626407,0.0,unchanged,-1.3770680209037778,worsened,-1.3770680209037778,worsened,DARCES
2m,7,-8.252805709838867,-83.77835845947266,-1.3806068897247314,no_solution,False,,,,,,,,,darces_unavailable,False,none,,,,,,,,feature_pose_unavailable,False,none,,,,,,,,,not_comparable,,not_comparable,,not_comparable,none
2m,8,-11.781176567077637,-93.33480834960938,-2.9016098976135254,no_solution,False,,,,,,,,,darces_unavailable,False,none,,,,,,,,feature_pose_unavailable,False,none,,,,,,,,,not_comparable,,not_comparable,,not_comparable,none
2m,9,-18.610734939575195,-138.35015869140625,-2.200972080230713,skipped_insufficient_features,False,,,,,,,,,darces_unavailable,False,none,,,,,,,,feature_pose_unavailable,False,none,,,,,,,,,not_comparable,,not_comparable,,not_comparable,none
2m,10,-23.69623565673828,-150.10791015625,-0.596463680267334,solution,True,,-484.3143239685709,-676.4746262851273,7.770911693572998,-113.69689619137802,699.4504579513443,8.367375373840332,1.9714877543452474,solution,True,darces,-484.3143239685709,-676.4746262851273,7.770911693572998,-113.69689619137802,699.4504579513443,8.367375373840332,1.9714877543452474,solution,True,darces,-487.74017628046937,-680.7092707103267,7.770911693572998,-111.66575124396513,704.8933129569596,8.367375373840332,0.059657193067647316,0.0,unchanged,-5.442855005615229,worsened,-5.442855005615229,worsened,DARCES
2m,11,-26.17138671875,-156.74221801757812,-0.03909933567047119,solution,True,,108.31108935798979,556.7996226210589,0.7652139663696289,-113.79668419062305,726.1043277062223,0.8043133020401001,3.2582769445192525,solution,True,darces,108.31108935798979,556.7996226210589,0.7652139663696289,-113.79668419062305,726.1043277062223,0.8043133020401001,3.2582769445192525,solution,True,darces,108.84480167915115,548.7669618665043,0.7652139663696289,-110.58458009786347,718.312309535489,0.8043133020401001,0.0461728517596431,0.0,unchanged,7.792018170733286,improved,7.792018170733286,improved,MOGA
2m,12,-27.199756622314453,-174.37538146972656,1.2406376600265503,solution,True,,-25.15482274102228,-178.12152192303583,1.4817463159561157,-96.83518702133699,4.26794129233016,0.24110865592956543,1.1239101841389356,solution,True,ransac,-25.4936002080793,-176.47950056327153,1.5660484433174133,-97.31005063948717,2.708927254404637,0.32541078329086304,1.598773802289088,solution,True,ransac,-23.195989602589147,-176.50453623491126,1.5660484433174133,-95.89193943683046,4.534694075938171,0.32541078329086304,0.1806625996323769,1.5590140379255226,improved,-1.8257668215335343,worsened,-0.2667527836080117,worsened,RANSAC
2m,13,-30.75284194946289,-198.97962951660156,2.7760562896728516,solution,True,,-32.72019035978058,-198.2394473790289,3.272601008415222,-99.2867768831736,2.101982246442913,0.4965447187423706,0.5068073622561542,solution,True,darces,-32.72019035978058,-198.2394473790289,3.272601008415222,-99.2867768831736,2.101982246442913,0.4965447187423706,0.5068073622561542,solution,True,darces,-32.816670995809226,-201.5682763350176,3.272601008415222,-99.81894356442535,3.31066197051863,0.4965447187423706,0.025359318995582265,0.0,unchanged,-1.2086797240757168,worsened,-1.2086797240757168,worsened,DARCES
2m,14,-50.64036178588867,-224.77685546875,3.8478145599365234,solution,True,,346.8940702729661,199.19503949824298,-4.738747596740723,-129.19067582705807,581.1934208112297,8.586562156677246,2.750285539061821,solution,True,darces,346.8940702729661,199.19503949824298,-4.738747596740723,-129.19067582705807,581.1934208112297,8.586562156677246,2.750285539061821,solution,True,darces,350.6925528202015,200.6911472132956,-4.738747596740723,-131.74459863378362,584.8855697078434,8.586562156677246,0.19636273233628174,0.0,unchanged,-3.6921488966137304,worsened,-3.6921488966137304,worsened,DARCES
2m,15,-16.422508239746094,6.153733253479004,0.1715155839920044,solution,True,,-15.778936757785274,13.575014494995791,0.5416867136955261,145.9629109568531,7.449134145528741,0.37017112970352173,2.4859972513390005,solution,True,ransac,-17.84933807227778,8.345583070778304,0.5416867136955261,149.31227802759332,2.6153487325015337,0.37017112970352173,0.863369819401214,solution,True,ransac,-17.31969587293528,8.892838388951267,0.5416867136955261,148.50562197684258,2.8822981442449946,0.37017112970352173,0.056713768650452766,4.833785413027208,improved,-0.266949411743461,worsened,4.566836001283747,improved,RANSAC
2m,16,-178.57537841796875,-323.9828796386719,6.217787742614746,solution,True,,181.43077872230765,-216.46264955716308,-2.164326548576355,-137.56989908554047,375.7193541137986,8.382114291191101,0.8251095692249919,solution,True,darces,181.43077872230765,-216.46264955716308,-2.164326548576355,-137.56989908554047,375.7193541137986,8.382114291191101,0.8251095692249919,solution,True,darces,180.52630726231604,-217.82412285908143,-2.164326548576355,-138.3719313534148,374.4645541295068,8.382114291191101,0.023077301350688854,0.0,unchanged,1.2547999842918216,improved,1.2547999842918216,improved,MOGA
2m,17,-102.15924835205078,-266.02862548828125,3.638662815093994,no_solution,False,,,,,,,,,darces_unavailable,False,none,,,,,,,,feature_pose_unavailable,False,none,,,,,,,,,not_comparable,,not_comparable,,not_comparable,none
2m,18,-131.5979461669922,-290.22393798828125,5.277122974395752,no_solution,False,,,,,,,,,darces_unavailable,False,none,,,,,,,,feature_pose_unavailable,False,none,,,,,,,,,not_comparable,,not_comparable,,not_comparable,none
2m,19,-162.78665161132812,-310.0521240234375,5.476531028747559,no_solution,False,,,,,,,,,darces_unavailable,False,none,,,,,,,,feature_pose_unavailable,False,none,,,,,,,,,not_comparable,,not_comparable,,not_comparable,none
2m,20,-194.00518798828125,-337.96356201171875,6.880199909210205,solution,True,,-190.1366253972958,-338.992037020427,7.455589532852173,-133.38993875695192,4.0029410892379484,0.5753896236419678,3.6300684352024177,solution,True,darces,-190.1366253972958,-338.992037020427,7.455589532852173,-133.38993875695192,4.0029410892379484,0.5753896236419678,3.6300684352024177,solution,True,darces,-186.28321614298048,-344.72676760728234,7.455589532852173,-136.70887770444872,10.264979255092554,0.5753896236419678,0.3111294877056108,0.0,unchanged,-6.262038165854605,worsened,-6.262038165854605,worsened,DARCES
2m,21,-211.0142364501953,-352.2628173828125,5.4391608238220215,no_solution,False,,,,,,,,,darces_unavailable,False,none,,,,,,,,feature_pose_unavailable,False,none,,,,,,,,,not_comparable,,not_comparable,,not_comparable,none
2m,22,-236.06866455078125,-371.45111083984375,5.889065742492676,solution,True,,-231.57116997967188,-375.9020227714883,5.983522832393646,-156.0620412060852,6.327564653199059,0.09445708990097046,1.4435191497688038,solution,True,ransac,-229.49121356821993,-372.42451543978035,6.396036744117737,-155.5090914273352,6.649088504688034,0.506971001625061,0.8905693710187848,solution,True,ransac,-228.72540979712025,-371.6964011742022,6.396036744117737,-154.6776984041335,7.34735038808512,0.506971001625061,0.0591763478170838,-0.32152385148897533,worsened,-0.6982618833970857,worsened,-1.019785734886061,worsened,DARCES
2m,23,-252.51278686523438,-377.9277648925781,6.394556045532227,solution,True,,-435.8372686043515,-442.05893270815113,8.659721970558167,-158.63574871808652,194.21810494983487,2.26516592502594,0.30652701584824626,solution,True,darces,-435.8372686043515,-442.05893270815113,8.659721970558167,-158.63574871808652,194.21810494983487,2.26516592502594,0.30652701584824626,solution,True,darces,-434.02164941792614,-442.5277049761741,8.659721970558167,-158.97470449391625,192.6619304480679,2.26516592502594,0.03242875998148637,0.0,unchanged,1.556174501766975,improved,1.556174501766975,improved,MOGA
2m,24,-279.89703369140625,-394.0205078125,5.653914928436279,no_solution,False,,,,,,,,,darces_unavailable,False,none,,,,,,,,feature_pose_unavailable,False,none,,,,,,,,,not_comparable,,not_comparable,,not_comparable,none
2m,25,-301.57952880859375,-399.9701232910156,3.864340305328369,no_solution,False,,,,,,,,,darces_unavailable,False,none,,,,,,,,feature_pose_unavailable,False,none,,,,,,,,,not_comparable,,not_comparable,,not_comparable,none
2m,26,-312.87744140625,-352.31488037109375,5.095863342285156,solution,True,,-312.2618278910973,-350.91078193076305,5.6695364117622375,92.45278178477481,1.5331250536657965,0.5736730694770813,2.1898424195572943,solution,True,darces,-312.2618278910973,-350.91078193076305,5.6695364117622375,92.45278178477481,1.5331250536657965,0.5736730694770813,2.1898424195572943,solution,True,darces,-311.45639490335986,-353.69505830797016,5.6695364117622375,94.65750047019296,1.9809755931905622,0.5736730694770813,0.014876265860827817,0.0,unchanged,-0.4478505395247656,worsened,-0.4478505395247656,worsened,DARCES
2m,27,-355.8419494628906,-339.0829162597656,6.069794654846191,solution,True,,252.67125590695377,-640.0248790008011,-6.983250141143799,162.80902145100504,678.8625678647404,13.05304479598999,2.4266225125793426,solution,True,ransac,251.3275816278931,-639.387283050648,-7.086248219013214,160.8891814939839,677.3754883361775,13.156042873859406,4.346462469600482,solution,True,ransac,252.24234701615165,-643.0522881366184,-7.086248219013214,164.85227888144658,679.8263680261455,13.156042873859406,0.3833650821377988,1.4870795285629583,improved,-2.450879689968019,worsened,-0.9638001614050609,worsened,RANSAC
2m,28,-390.8143615722656,-362.02740478515625,6.942140579223633,solution,True,,-239.5737075748126,-170.44800158784693,4.6232651844620705,-143.22936729211088,244.08277930041382,2.3188753947615623,2.968895639876081,solution,True,darces,-239.5737075748126,-170.44800158784693,4.6232651844620705,-143.22936729211088,244.08277930041382,2.3188753947615623,2.968895639876081,solution,True,darces,-241.45273301460045,-170.72155289590194,4.6232651844620705,-145.94851979072172,242.70728265231608,2.3188753947615623,0.24974314126523822,0.0,unchanged,1.3754966480977373,improved,1.3754966480977373,improved,MOGA
5m,1,-0.005049131810665131,-0.0011176990810781717,-0.49565547704696655,solution,True,,-2.626480164892442,-3.716403723447801,0.0024023056030273438,2.216437207494056,4.547004607877462,0.4980577826499939,2.4886410847324214,solution,True,darces,-2.626480164892442,-3.716403723447801,0.0024023056030273438,2.216437207494056,4.547004607877462,0.4980577826499939,2.4886410847324214,solution,True,darces,-2.2036035201496653,2.761480051633422,0.0024023056030273438,-0.42986659857505094,3.5306639220885203,0.4980577826499939,0.1576627213366798,0.0,unchanged,1.016340685788942,improved,1.016340685788942,improved,MOGA
5m,2,12.267229080200195,-0.6570590734481812,-0.8115395307540894,solution,True,,9.654558703730657,0.2949474912283776,-0.23071584105491638,2.7565568715365205,2.7807126775826263,0.580823689699173,4.688431620101767,solution,True,darces,9.654558703730657,0.2949474912283776,-0.23071584105491638,2.7565568715365205,2.7807126775826263,0.580823689699173,4.688431620101767,solution,True,darces,10.154798776578888,3.0733036379232703,-0.23071584105491638,-1.683870995406247,4.286953200823188,0.580823689699173,0.2480037531590141,0.0,unchanged,-1.5062405232405616,worsened,-1.5062405232405616,worsened,DARCES
5m,3,23.901281356811523,-10.196999549865723,-0.5373302102088928,solution,True,,22.256318313739257,-12.312235540081492,0.019384145736694336,-41.08550245550124,2.6795758446772235,0.5567143559455872,0.36730541161540486,solution,True,darces,22.256318313739257,-12.312235540081492,0.019384145736694336,-41.08550245550124,2.6795758446772235,0.5567143559455872,0.36730541161540486,solution,True,darces,22.87467951719491,-10.315181360878151,0.019384145736694336,-40.728907508254814,1.0333819611152466,0.5567143559455872,0.010710464368955435,0.0,unchanged,1.646193883561977,improved,1.646193883561977,improved,MOGA
5m,4,36.56502151489258,-34.223609924316406,-2.5595836639404297,solution,True,,761.7766811479456,789.9944145185002,-13.223434686660767,-67.74038366782733,1097.8466664722114,10.663851022720337,2.9490487307681406,minimal_unverified,True,darces,761.7766811479456,789.9944145185002,-13.223434686660767,-67.74038366782733,1097.8466664722114,10.663851022720337,2.9490487307681406,solution,True,darces,760.8946640168411,790.0197226859835,-13.223434686660767,-64.85439658017019,1097.2832370721492,10.663851022720337,0.06306164311101974,0.0,unchanged,0.5634294000622049,improved,0.5634294000622049,improved,MOGA
5m,5,19.5212345123291,-46.497894287109375,-2.1845808029174805,solution,True,,-555.2339086499437,-565.5598952106425,7.687711000442505,-147.6055773543846,774.4474387550305,9.872291803359985,0.260019217213852,solution,True,darces,-555.2339086499437,-565.5598952106425,7.687711000442505,-147.6055773543846,774.4474387550305,9.872291803359985,0.260019217213852,solution,True,darces,-556.8087127540971,-560.0143113109838,7.687711000442505,-147.3226788505167,771.9166526699364,9.872291803359985,0.022879286654038555,0.0,unchanged,2.530786085094064,improved,2.530786085094064,improved,MOGA
5m,6,-0.9627990126609802,-59.02731704711914,-0.45432978868484497,solution,True,,-3.036245936652083,-59.581858304874444,0.08753776550292969,-147.65137223856453,2.146322005935037,0.5418675541877747,1.605644003892337,solution,True,darces,-3.036245936652083,-59.581858304874444,0.08753776550292969,-147.65137223856453,2.146322005935037,0.5418675541877747,1.605644003892337,solution,True,darces,-4.562165892150503,-60.81874906841834,0.08753776550292969,-149.12744470042162,4.020531136566696,0.5418675541877747,0.12957154203524357,0.0,unchanged,-1.8742091306316588,worsened,-1.8742091306316588,worsened,DARCES
5m,7,-8.252805709838867,-83.77835845947266,-1.3806068897247314,no_solution,False,,,,,,,,,darces_unavailable,False,none,,,,,,,,feature_pose_unavailable,False,none,,,,,,,,,not_comparable,,not_comparable,,not_comparable,none
5m,8,-11.781176567077637,-93.33480834960938,-2.9016098976135254,skipped_insufficient_features,False,,,,,,,,,darces_unavailable,False,none,,,,,,,,feature_pose_unavailable,False,none,,,,,,,,,not_comparable,,not_comparable,,not_comparable,none
5m,9,-18.610734939575195,-138.35015869140625,-2.200972080230713,skipped_insufficient_features,False,,,,,,,,,darces_unavailable,False,none,,,,,,,,feature_pose_unavailable,False,none,,,,,,,,,not_comparable,,not_comparable,,not_comparable,none
5m,10,-23.69623565673828,-150.10791015625,-0.596463680267334,solution,True,,543.5822370990116,467.4119077358863,-10.580290913581848,-107.82917294806911,838.5318068753464,9.983827233314514,3.8962354889636686,solution,True,darces,543.5822370990116,467.4119077358863,-10.580290913581848,-107.82917294806911,838.5318068753464,9.983827233314514,3.8962354889636686,solution,True,darces,532.3655851992899,467.84031962952884,-10.580290913581848,-111.60828420774476,831.3030514253506,9.983827233314514,0.11712422928801347,0.0,unchanged,7.228755449995788,improved,7.228755449995788,improved,MOGA
5m,11,-26.17138671875,-156.74221801757812,-0.03909933567047119,no_solution,False,,,,,,,,,darces_unavailable,False,none,,,,,,,,feature_pose_unavailable,False,none,,,,,,,,,not_comparable,,not_comparable,,not_comparable,none
5m,12,-27.199756622314453,-174.37538146972656,1.2406376600265503,solution,True,,-24.841504762042913,-177.0420451481836,1.4745717644691467,-98.76261553467299,3.559838059585888,0.23393410444259644,3.0513386974749324,solution,True,darces,-24.841504762042913,-177.0420451481836,1.4745717644691467,-98.76261553467299,3.559838059585888,0.23393410444259644,3.0513386974749324,solution,True,darces,-20.369235615602317,-178.4676984097613,1.4745717644691467,-96.01940791769646,7.96260479747872,0.23393410444259644,0.30813108049838367,0.0,unchanged,-4.402766737892833,worsened,-4.402766737892833,worsened,DARCES
5m,13,-30.75284194946289,-198.97962951660156,2.7760562896728516,solution,True,,-215.67677387460654,-275.12849724495476,7.746545314788818,-97.20806632207378,199.98877632248613,4.970489025115967,2.5855179233559795,minimal_unverified,True,darces,-215.67677387460654,-275.12849724495476,7.746545314788818,-97.20806632207378,199.98877632248613,4.970489025115967,2.5855179233559795,solution,True,darces,-216.18728670470782,-273.1283854890617,7.746545314788818,-99.72700594724942,199.7097176252308,4.970489025115967,0.0665782981803361,0.0,unchanged,0.27905869725532284,improved,0.27905869725532284,improved,MOGA
5m,14,-50.64036178588867,-224.77685546875,3.8478145599365234,solution,True,,-422.95385458276803,203.18914066522518,12.903483986854553,-131.6111393480903,567.2497075940697,9.05566942691803,0.32982201802960276,solution,True,darces,-422.95385458276803,203.18914066522518,12.903483986854553,-131.6111393480903,567.2497075940697,9.05566942691803,0.32982201802960276,solution,True,darces,-420.57484743789075,205.51196709415336,12.903483986854553,-131.83507325043007,567.4504335157221,9.05566942691803,0.10588811568984549,0.0,unchanged,-0.20072592165240621,worsened,-0.20072592165240621,worsened,DARCES
5m,15,-16.422508239746094,6.153733253479004,0.1715155839920044,solution,True,,-8.687416643290351,5.405185919488815,0.738220751285553,147.3484858838508,7.771226744651327,0.5667051672935486,1.1004223243413094,solution,True,darces,-8.687416643290351,5.405185919488815,0.738220751285553,147.3484858838508,7.771226744651327,0.5667051672935486,1.1004223243413094,solution,True,darces,-12.317223739840387,9.99820514345435,0.738220751285553,148.44438194710813,5.6243510681657005,0.5667051672935486,0.004526261083981627,0.0,unchanged,2.1468756764856263,improved,2.1468756764856263,improved,MOGA
5m,16,-178.57537841796875,-323.9828796386719,6.217787742614746,solution,True,,383.3352966118891,532.7584139239021,-5.336925745010376,-137.02223728114984,1024.5727162128528,11.554713487625122,1.3727713736156204,solution,True,ransac,386.02925193145614,532.0258353820238,-5.336925745010376,-136.09003540589495,1025.441031363283,11.554713487625122,2.3049732488705104,solution,True,ransac,383.67951619903704,533.814828668183,-5.336925745010376,-138.24111947008814,1025.6449068255897,11.554713487625122,0.15388918467732937,-0.868315150430135,worsened,-0.2038754623067689,worsened,-1.0721906127369039,worsened,DARCES
5m,17,-102.15924835205078,-266.02862548828125,3.638662815093994,solution,True,,-351.751982229139,-357.6719814853997,10.194965362548828,-140.15558431740624,265.88538414635275,6.556302547454834,2.8650057789579932,minimal_unverified,True,darces,-351.751982229139,-357.6719814853997,10.194965362548828,-140.15558431740624,265.88538414635275,6.556302547454834,2.8650057789579932,solution,True,darces,-349.2173826620432,-354.8929298874307,10.194965362548828,-142.9010931674031,262.5539684047433,6.556302547454834,0.11949692896110364,0.0,unchanged,3.331415741609476,improved,3.331415741609476,improved,MOGA
5m,18,-131.5979461669922,-290.22393798828125,5.277122974395752,solution,True,,883.0577823749712,674.9708947900814,-14.948933601379395,-141.46281999687392,1400.4025537983975,20.226056575775146,2.33899095632529,solution,True,ransac,885.8107624815328,677.6242494891849,-15.022311225533485,-140.64474842397573,1404.2259769842158,20.299434199929237,1.520919383427099,solution,True,ransac,886.2623867205579,678.1963249045692,-15.022311225533485,-139.2010879203839,1404.9474946941655,20.299434199929237,0.0772588798352819,-3.8234231858182284,worsened,-0.7215177099496941,worsened,-4.5449408957679225,worsened,DARCES
5m,19,-162.78665161132812,-310.0521240234375,5.476531028747559,solution,True,,-404.1340882364779,-371.710436327627,7.510089695453644,-161.40017169116248,249.09904183222315,2.033558666706085,1.679259283344635,solution,True,darces,-404.1340882364779,-371.710436327627,7.510089695453644,-161.40017169116248,249.09904183222315,2.033558666706085,1.679259283344635,solution,True,darces,-406.65332794448625,-367.55993020815396,7.510089695453644,-163.09660090143578,250.55558983578916,2.033558666706085,0.017169926928669005,0.0,unchanged,-1.456548003566013,worsened,-1.456548003566013,worsened,DARCES
5m,20,-194.00518798828125,-337.96356201171875,6.880199909210205,solution,True,,-191.72043953386847,-337.6412173463392,7.3809075355529785,-139.91924239920587,2.307375475131915,0.5007076263427734,2.8992352070515324,solution,True,darces,-191.72043953386847,-337.6412173463392,7.3809075355529785,-139.91924239920587,2.307375475131915,0.5007076263427734,2.8992352070515324,solution,True,darces,-188.48627209403296,-333.1546433784504,7.3809075355529785,-137.20838641063727,7.320118241475492,0.5007076263427734,0.18837921848295303,0.0,unchanged,-5.012742766343576,worsened,-5.012742766343576,worsened,DARCES
5m,21,-211.0142364501953,-352.2628173828125,5.4391608238220215,no_solution,False,,,,,,,,,darces_unavailable,False,none,,,,,,,,feature_pose_unavailable,False,none,,,,,,,,,not_comparable,,not_comparable,,not_comparable,none
5m,22,-236.06866455078125,-371.45111083984375,5.889065742492676,solution,True,,-234.85511560199404,-369.8730020819434,6.5012407302856445,-152.67105036199203,1.9907607347102971,0.6121749877929688,1.9474716943243777,solution,True,darces,-234.85511560199404,-369.8730020819434,6.5012407302856445,-152.67105036199203,1.9907607347102971,0.6121749877929688,1.9474716943243777,solution,True,darces,-232.5570680439174,-373.6468286169645,6.5012407302856445,-154.48733378118925,4.141556058268734,0.6121749877929688,0.13118827512717288,0.0,unchanged,-2.1507953235584374,worsened,-2.1507953235584374,worsened,DARCES
5m,23,-252.51278686523438,-377.9277648925781,6.394556045532227,solution,True,,-238.7418850590753,-245.18965814212788,6.672889471054077,-156.2429464977688,133.45052536520342,0.2783334255218506,2.6993292361659655,solution,True,darces,-238.7418850590753,-245.18965814212788,6.672889471054077,-156.2429464977688,133.45052536520342,0.2783334255218506,2.6993292361659655,solution,True,darces,-246.70425299025985,-242.35749923240476,6.672889471054077,-159.06071813972312,135.69464247694788,0.2783334255218506,0.11844240578836168,0.0,unchanged,-2.2441171117444583,worsened,-2.2441171117444583,worsened,DARCES
5m,24,-279.89703369140625,-394.0205078125,5.653914928436279,no_solution,False,,,,,,,,,darces_unavailable,False,none,,,,,,,,feature_pose_unavailable,False,none,,,,,,,,,not_comparable,,not_comparable,,not_comparable,none
5m,25,-301.57952880859375,-399.9701232910156,3.864340305328369,solution,True,,-689.1549492554813,-215.09017073502523,15.436053156852722,115.28593212312377,429.41274246543605,11.571712851524353,1.1656576842787558,solution,True,darces,-689.1549492554813,-215.09017073502523,15.436053156852722,115.28593212312377,429.41274246543605,11.571712851524353,1.1656576842787558,solution,True,darces,-693.7488451394951,-211.25071684784353,15.436053156852722,116.3432814547483,435.2146447900274,11.571712851524353,0.10830835265422384,0.0,unchanged,-5.801902324591367,worsened,-5.801902324591367,worsened,DARCES
5m,26,-312.87744140625,-352.31488037109375,5.095863342285156,no_solution,False,,,,,,,,,darces_unavailable,False,none,,,,,,,,feature_pose_unavailable,False,none,,,,,,,,,not_comparable,,not_comparable,,not_comparable,none
5m,27,-355.8419494628906,-339.0829162597656,6.069794654846191,solution,True,,596.9069891670827,206.8608505264334,-12.036744475364685,162.426196099988,1098.0824816712286,18.106539130210876,2.8094478635963753,solution,True,darces,596.9069891670827,206.8608505264334,-12.036744475364685,162.426196099988,1098.0824816712286,18.106539130210876,2.8094478635963753,solution,True,darces,593.4831628073737,198.8241484906396,-12.036744475364685,165.0452999020841,1091.1288554040473,18.106539130210876,0.1903440615002738,0.0,unchanged,6.953626267181335,improved,6.953626267181335,improved,MOGA
5m,28,-390.8143615722656,-362.02740478515625,6.942140579223633,solution,True,,-397.822906292524,-346.01344991199755,7.315399169921875,-148.16805916672,17.48045908365752,0.3732585906982422,1.969796234733053,solution,True,ransac,-396.98129315457095,-346.729198179209,7.536131858825684,-144.95227852960235,16.494428468397537,0.5939912796020508,1.2459844023846074,solution,True,ransac,-397.4293792201971,-346.3244060826226,7.536131858825684,-146.02078105407975,17.039443263622747,0.5939912796020508,0.17748187790721462,0.9860306152599847,improved,-0.5450147952252102,worsened,0.44101582003477446,improved,RANSAC
10m,1,-0.005049131810665131,-0.0011176990810781717,-0.49565547704696655,solution,True,,296.82673985242803,704.909306021473,-3.4238667488098145,2.1610794882263664,764.8580367764168,2.928211271762848,2.4332833654647175,solution,True,darces,296.82673985242803,704.909306021473,-3.4238667488098145,2.1610794882263664,764.8580367764168,2.928211271762848,2.4332833654647175,solution,True,darces,298.3793579066277,705.035364646115,-3.4238667488098145,-0.060829337427582404,765.5780141836418,2.928211271762848,0.21137453981078871,0.0,unchanged,-0.7199774072249738,worsened,-0.7199774072249738,worsened,DARCES
10m,2,12.267229080200195,-0.6570590734481812,-0.8115395307540894,solution,True,,707.6332997973683,669.6923165721663,-14.51198935508728,-3.084812330497599,965.8686544935076,13.700449824333191,1.152937581932349,minimal_unverified,True,darces,707.6332997973683,669.6923165721663,-14.51198935508728,-3.084812330497599,965.8686544935076,13.700449824333191,1.152937581932349,solution,True,darces,706.0270024887077,668.6023601060488,-14.51198935508728,-1.9460118641659268,963.955804671719,13.700449824333191,0.01413711560066577,0.0,unchanged,1.9128498217886545,improved,1.9128498217886545,improved,MOGA
10m,3,23.901281356811523,-10.196999549865723,-0.5373302102088928,solution,True,,23.530406151698205,-9.91169333065928,-0.3265777826309204,-41.7265015797872,0.46791885673236233,0.2107524275779724,1.0083045359013454,solution,True,darces,23.530406151698205,-9.91169333065928,-0.3265777826309204,-41.7265015797872,0.46791885673236233,0.2107524275779724,1.0083045359013454,solution,True,darces,22.527073473910278,-9.568401242388225,-0.3265777826309204,-40.77683435059762,1.5111529166803401,0.2107524275779724,0.05863730671175389,0.0,unchanged,-1.0432340599479777,worsened,-1.0432340599479777,worsened,DARCES
10m,4,36.56502151489258,-34.223609924316406,-2.5595836639404297,solution,True,,-547.485291572496,-542.9693035591749,7.182891130447388,-63.43494882292201,774.5559689328395,9.742474794387817,1.356386114137166,solution,True,darces,-547.485291572496,-542.9693035591749,7.182891130447388,-63.43494882292201,774.5559689328395,9.742474794387817,1.356386114137166,solution,True,darces,-548.7118900491199,-548.6523671757266,7.182891130447388,-64.60766858272092,779.2214123707967,9.742474794387817,0.1836663543382499,0.0,unchanged,-4.665443437957151,worsened,-4.665443437957151,worsened,DARCES
10m,5,19.5212345123291,-46.497894287109375,-2.1845808029174805,solution,True,,682.2551790861511,624.9015332888766,-15.234854221343994,-147.01801191498905,943.3946537052982,13.050273418426514,0.32754622218169516,solution,True,darces,682.2551790861511,624.9015332888766,-15.234854221343994,-147.01801191498905,943.3946537052982,13.050273418426514,0.32754622218169516,solution,True,darces,677.3434882924747,623.3462797572981,-15.234854221343994,-147.4458576040257,938.84042044941,13.050273418426514,0.10029946685495106,0.0,unchanged,4.554233255888221,improved,4.554233255888221,improved,MOGA
10m,6,-0.9627990126609802,-59.02731704711914,-0.45432978868484497,solution,True,,3.000972370844778,-64.54525311110982,-0.23602092266082764,-150.1177190155725,6.79404901270134,0.21830886602401733,0.8607027731156336,solution,True,ransac,4.585683798384288,-64.1127999365938,0.06205463409423828,-149.01246435349466,7.526473126478587,0.5163844227790833,0.24455188896220648,solution,True,ransac,4.526000571297459,-63.91225604649851,0.06205463409423828,-149.24024699090387,7.347758154738075,0.5163844227790833,0.01676925155301779,-0.7324241137772471,worsened,0.17871497174051232,improved,-0.5537091420367348,worsened,DARCES
10m,7,-8.252805709838867,-83.77835845947266,-1.3806068897247314,no_solution,False,,,,,,,,,darces_unavailable,False,none,,,,,,,,feature_pose_unavailable,False,none,,,,,,,,,not_comparable,,not_comparable,,not_comparable,none
10m,8,-11.781176567077637,-93.33480834960938,-2.9016098976135254,no_solution,False,,,,,,,,,darces_unavailable,False,none,,,,,,,,feature_pose_unavailable,False,none,,,,,,,,,not_comparable,,not_comparable,,not_comparable,none
10m,9,-18.610734939575195,-138.35015869140625,-2.200972080230713,skipped_insufficient_features,False,,,,,,,,,darces_unavailable,False,none,,,,,,,,feature_pose_unavailable,False,none,,,,,,,,,not_comparable,,not_comparable,,not_comparable,none
10m,10,-23.69623565673828,-150.10791015625,-0.596463680267334,no_solution,False,,,,,,,,,darces_unavailable,False,none,,,,,,,,feature_pose_unavailable,False,none,,,,,,,,,not_comparable,,not_comparable,,not_comparable,none
10m,11,-26.17138671875,-156.74221801757812,-0.03909933567047119,solution,True,,-349.5701075114483,480.06445633587384,7.85840106010437,-110.2931296157347,714.2194852504775,7.897500395774841,0.24527763036911665,fallback_darces,True,darces,-349.5701075114483,480.06445633587384,7.85840106010437,-110.2931296157347,714.2194852504775,7.897500395774841,0.24527763036911665,feature_pose_unavailable,False,none,,,,,,,,0.0,unchanged,,not_comparable,,not_comparable,DARCES
10m,12,-27.199756622314453,-174.37538146972656,1.2406376600265503,solution,True,,-409.96580016142315,-278.01536904438717,8.865030765533447,-99.23396673281117,396.5489769386105,7.624393105506897,3.522689895613098,minimal_unverified,True,darces,-409.96580016142315,-278.01536904438717,8.865030765533447,-99.23396673281117,396.5489769386105,7.624393105506897,3.522689895613098,solution,True,darces,-403.65147736702727,-292.90074971794667,8.865030765533447,-95.65850662157551,394.6696859020609,7.624393105506897,0.05277021562255789,0.0,unchanged,1.8792910365496027,improved,1.8792910365496027,improved,MOGA
10m,13,-30.75284194946289,-198.97962951660156,2.7760562896728516,no_solution,False,,,,,,,,,darces_unavailable,False,none,,,,,,,,feature_pose_unavailable,False,none,,,,,,,,,not_comparable,,not_comparable,,not_comparable,none
10m,14,-50.64036178588867,-224.77685546875,3.8478145599365234,solution,True,,-307.51661885687366,202.2156618420755,10.019397214055061,-136.14916686802619,498.3051487655274,6.171582654118538,4.208205501906292,solution,True,darces,-307.51661885687366,202.2156618420755,10.019397214055061,-136.14916686802619,498.3051487655274,6.171582654118538,4.208205501906292,solution,True,darces,-308.5545122145379,203.3792788684077,10.019397214055061,-132.31039590549148,499.8373579094205,6.171582654118538,0.36943453937157034,0.0,unchanged,-1.5322091438931125,worsened,-1.5322091438931125,worsened,DARCES
10m,15,-16.422508239746094,6.153733253479004,0.1715155839920044,solution,True,,-19.347831891198037,9.728959507644998,0.4553295373916626,149.98163257239094,4.619497941792154,0.2838139533996582,1.5327243641988275,solution,True,ransac,-15.223785486810478,6.662580500993627,0.47952258586883545,149.48070110740093,1.3022525713964823,0.30800700187683105,1.031792899208824,solution,True,ransac,-14.46133340101083,7.599480668034897,0.47952258586883545,148.50191519264695,2.4364712874941374,0.30800700187683105,0.053006984454826746,3.3172453703956712,improved,-1.1342187160976551,worsened,2.183026654298016,improved,RANSAC
10m,16,-178.57537841796875,-323.9828796386719,6.217787742614746,no_solution,False,,,,,,,,,darces_unavailable,False,none,,,,,,,,feature_pose_unavailable,False,none,,,,,,,,,not_comparable,,not_comparable,,not_comparable,none
10m,17,-102.15924835205078,-266.02862548828125,3.638662815093994,no_solution,False,,,,,,,,,darces_unavailable,False,none,,,,,,,,feature_pose_unavailable,False,none,,,,,,,,,not_comparable,,not_comparable,,not_comparable,none
10m,18,-131.5979461669922,-290.22393798828125,5.277122974395752,solution,True,,913.4045200248709,203.3674604319458,-17.074795484542847,-143.0236542100022,1155.7087102473145,22.3519184589386,3.899825169453578,solution,True,darces,913.4045200248709,203.3674604319458,-17.074795484542847,-143.0236542100022,1155.7087102473145,22.3519184589386,3.899825169453578,solution,True,darces,909.4453894692813,204.76693044863396,-17.074795484542847,-139.2268423443318,1152.7303182048393,22.3519184589386,0.10301330378317348,0.0,unchanged,2.978392042475207,improved,2.978392042475207,improved,MOGA
10m,19,-162.78665161132812,-310.0521240234375,5.476531028747559,no_solution,False,,,,,,,,,darces_unavailable,False,none,,,,,,,,feature_pose_unavailable,False,none,,,,,,,,,not_comparable,,not_comparable,,not_comparable,none
10m,20,-194.00518798828125,-337.96356201171875,6.880199909210205,solution,True,,-182.02043827964414,-340.4152373355576,7.009496450424194,-138.4473868518652,12.232944758814112,0.12929654121398926,1.4273796597108515,solution,True,darces,-182.02043827964414,-340.4152373355576,7.009496450424194,-138.4473868518652,12.232944758814112,0.12929654121398926,1.4273796597108515,solution,True,darces,-184.4113247694657,-341.1887779956043,7.009496450424194,-137.13681735728022,10.121473687366525,0.12929654121398926,0.11681016512587489,0.0,unchanged,2.1114710714475873,improved,2.1114710714475873,improved,MOGA
10m,21,-211.0142364501953,-352.2628173828125,5.4391608238220215,solution,True,,-330.66508865868747,245.31564533199756,8.761202335357666,-143.15482011772744,609.4393698595571,3.3220415115356445,3.6472662806166625,solution,True,ransac,-332.4737459367599,247.59659891944952,8.983523935079575,-143.02949529423162,612.0324597365791,3.544363111257553,3.521941457120846,solution,True,ransac,-331.69648617178456,250.83947492320527,8.983523935079575,-139.67750573570027,615.0581926798775,3.544363111257553,0.1699518985894675,-2.593089877021953,worsened,-3.025732943298408,worsened,-5.618822820320361,worsened,DARCES
10m,22,-236.06866455078125,-371.45111083984375,5.889065742492676,solution,True,,-231.7612234117101,-376.9880552473066,5.982954502105713,-159.3915021436999,7.015112439433645,0.09388875961303711,4.772980087383502,solution,True,darces,-231.7612234117101,-376.9880552473066,5.982954502105713,-159.3915021436999,7.015112439433645,0.09388875961303711,4.772980087383502,solution,True,darces,-225.05554777365032,-373.43270480918227,5.982954502105713,-154.76445798845222,11.189971215603801,0.09388875961303711,0.14593593213582023,0.0,unchanged,-4.174858776170156,worsened,-4.174858776170156,worsened,DARCES
10m,23,-252.51278686523438,-377.9277648925781,6.394556045532227,solution,True,,-244.45448794874414,-383.78092534480464,6.562227964401245,-156.76156541800893,9.959702239877263,0.16767191886901855,2.180710315925836,solution,True,ransac,-249.60498941208255,-382.9458072829075,6.48045239970088,-156.81946677523177,5.799658219214182,0.08589635416865349,2.12280895870299,solution,True,ransac,-251.58619427603512,-383.94280688554096,6.48045239970088,-158.83035200627523,6.085992441949407,0.08589635416865349,0.11192372765952761,4.160044020663081,improved,-0.286334222735225,worsened,3.873709797927856,improved,RANSAC
10m,24,-279.89703369140625,-394.0205078125,5.653914928436279,no_solution,False,,,,,,,,,darces_unavailable,False,none,,,,,,,,feature_pose_unavailable,False,none,,,,,,,,,not_comparable,,not_comparable,,not_comparable,none
10m,25,-301.57952880859375,-399.9701232910156,3.864340305328369,no_solution,False,,,,,,,,,darces_unavailable,False,none,,,,,,,,feature_pose_unavailable,False,none,,,,,,,,,not_comparable,,not_comparable,,not_comparable,none
10m,26,-312.87744140625,-352.31488037109375,5.095863342285156,solution,True,,640.9769981792032,-255.65895555804582,-13.27818849682808,96.82115236478437,958.7390988784929,18.374051839113235,2.1785281604522595,solution,True,ransac,638.7146502657738,-253.1181098294409,-13.324304036796093,97.23692202596801,956.7484038234037,18.42016737908125,2.594297821635905,solution,True,ransac,636.2708580666266,-252.71956279339656,-13.324304036796093,94.7481831169786,954.3593252416282,18.42016737908125,0.10555891264646287,1.9906950550891906,improved,2.389078581775493,improved,4.379773636864684,improved,MOGA
10m,27,-355.8419494628906,-339.0829162597656,6.069794654846191,no_solution,False,,,,,,,,,darces_unavailable,False,none,,,,,,,,feature_pose_unavailable,False,none,,,,,,,,,not_comparable,,not_comparable,,not_comparable,none
10m,28,-390.8143615722656,-362.02740478515625,6.942140579223633,solution,True,,-538.3625279348689,-307.8741547601103,10.280546188354492,-145.4858092134073,157.17199459586178,3.3384056091308594,0.7124537185796669,solution,True,darces,-538.3625279348689,-307.8741547601103,10.280546188354492,-145.4858092134073,157.17199459586178,3.3384056091308594,0.7124537185796669,solution,True,darces,-541.4752912592453,-311.30863727816484,10.280546188354492,-146.2511745053776,158.9688935344688,3.3384056091308594,0.052911573390633085,0.0,unchanged,-1.796898938607029,worsened,-1.796898938607029,worsened,DARCES
