site_number,frame_index,frame_id,run_id,source_sequence,source_frame_index,timestamp_ns,scan_path,pose_path,transform_path,global_frame,tx,ty,tz,qx,qy,qz,qw,stage_origin_x_m,stage_origin_y_m,stage_yaw_deg,quality_flag,sensor_config_id
1,1341,001341,curated_forward_approach,apollo14_cone_crater_blocks_forward_02,0,3583333520,scans/001341.npy,poses/001341.npy,transforms/001341.npz,global_dem,644.8439793056787,-5510.9894563618545,-0.08731358461425726,-0.008894132434568928,-0.005059224904748445,0.000284342865461474,0.9999476075278817,645.0,-5511.0,0.0,included,os1_rev7_128ch20hz1024res_rtx
2,1342,001342,curated_forward_approach,apollo14_cone_crater_blocks_forward_02,1,9283333817,scans/001342.npy,poses/001342.npy,transforms/001342.npz,global_dem,645.8498503885025,-5510.9894652981375,-0.07997711864012952,-0.0059540169675655575,-0.0031814390975840484,-0.0011299693713218305,0.9999765753738625,645.0,-5511.0,0.0,included,os1_rev7_128ch20hz1024res_rtx
3,1343,001343,curated_forward_approach,apollo14_cone_crater_blocks_forward_02,2,15400000803,scans/001343.npy,poses/001343.npy,transforms/001343.npz,global_dem,646.8733229523135,-5510.967611513184,-0.07928091094734774,0.0008728279763145169,0.003444510203392553,0.07629581028644497,0.9970788949995468,645.0,-5511.0,0.0,included,os1_rev7_128ch20hz1024res_rtx
4,1344,001344,curated_forward_approach,apollo14_cone_crater_blocks_forward_02,3,19516667684,scans/001344.npy,poses/001344.npy,transforms/001344.npz,global_dem,647.8320709584278,-5510.632821088394,-0.09155700745354312,0.006292269498714885,0.008881204013033866,0.26106459613151506,0.9652599692344666,645.0,-5511.0,0.0,included,os1_rev7_128ch20hz1024res_rtx
5,1345,001345,curated_forward_approach,apollo14_cone_crater_blocks_forward_02,4,23350001217,scans/001345.npy,poses/001345.npy,transforms/001345.npz,global_dem,648.5189356255365,-5509.915522799458,-0.10056783543944614,0.0041675691189011314,0.002878195931388546,0.4889654963137191,0.8722884217794583,645.0,-5511.0,0.0,included,os1_rev7_128ch20hz1024res_rtx
6,1346,001346,curated_forward_approach,apollo14_cone_crater_blocks_forward_02,5,30266668245,scans/001346.npy,poses/001346.npy,transforms/001346.npz,global_dem,649.0767129983473,-5509.069896908799,-0.1033497684809665,9.564722092272793e-05,-0.0008197603017488462,0.35736567431772764,0.9339641822169054,645.0,-5511.0,0.0,included,os1_rev7_128ch20hz1024res_rtx
7,1347,001347,curated_forward_approach,apollo14_cone_crater_blocks_forward_02,6,34300001788,scans/001347.npy,poses/001347.npy,transforms/001347.npz,global_dem,650.0328341873787,-5508.71942328239,-0.09762271588710647,-0.0020356517116872355,-0.0027234521511119137,-0.01595667757395212,0.9998669028282166,645.0,-5511.0,0.0,included,os1_rev7_128ch20hz1024res_rtx
8,1348,001348,curated_forward_approach,apollo14_cone_crater_blocks_forward_02,7,37516668623,scans/001348.npy,poses/001348.npy,transforms/001348.npz,global_dem,651.0493356322639,-5508.900887895959,-0.0923968796076789,0.0014415947833187478,-0.006206608499743699,-0.0883000415720516,0.996073542703442,645.0,-5511.0,0.0,included,os1_rev7_128ch20hz1024res_rtx
9,1349,001349,curated_forward_approach,apollo14_cone_crater_blocks_forward_02,8,41200002148,scans/001349.npy,poses/001349.npy,transforms/001349.npz,global_dem,652.0439723565037,-5509.013464285993,-0.07845675824696591,0.003630823922211117,-0.009495466563713908,-0.022636115653138375,0.9996920823436191,645.0,-5511.0,0.0,included,os1_rev7_128ch20hz1024res_rtx
10,1350,001350,curated_forward_approach,apollo14_cone_crater_blocks_forward_02,9,47133335791,scans/001350.npy,poses/001350.npy,transforms/001350.npz,global_dem,653.0653666970207,-5508.912417601022,-0.05660999116964427,0.0014089276213086882,-0.008615788246686061,0.1857985911603128,0.9825490657665342,645.0,-5511.0,0.0,included,os1_rev7_128ch20hz1024res_rtx
11,1351,001351,curated_forward_approach,apollo14_cone_crater_blocks_forward_02,10,50333335958,scans/001351.npy,poses/001351.npy,transforms/001351.npz,global_dem,653.8356580143867,-5508.2760510499165,-0.04018673672770018,-0.005378642638893722,-0.008773056613324195,0.40302104070435446,0.9151328561638478,645.0,-5511.0,0.0,included,os1_rev7_128ch20hz1024res_rtx
12,1352,001352,curated_forward_approach,apollo14_cone_crater_blocks_forward_02,11,53416669452,scans/001352.npy,poses/001352.npy,transforms/001352.npz,global_dem,654.5014440569175,-5507.511437608557,-0.0321421277015434,-0.007243349340594985,-0.009530540146850423,0.4057111508359331,0.9139229534168744,645.0,-5511.0,0.0,included,os1_rev7_128ch20hz1024res_rtx
13,1353,001353,curated_forward_approach,apollo14_cone_crater_blocks_forward_02,12,56500002946,scans/001353.npy,poses/001353.npy,transforms/001353.npz,global_dem,655.1983962288042,-5506.776452522913,-0.021150302111307917,-0.003310204512638995,-0.010258878998445261,0.3859489455342565,0.9224571585655212,645.0,-5511.0,0.0,included,os1_rev7_128ch20hz1024res_rtx
14,1354,001354,curated_forward_approach,apollo14_cone_crater_blocks_forward_02,13,59583336440,scans/001354.npy,poses/001354.npy,transforms/001354.npz,global_dem,655.9157929042468,-5506.059642032294,-0.005339475998682508,-0.00292359704987268,-0.012234429273992332,0.37899677467682374,0.925312496460085,645.0,-5511.0,0.0,included,os1_rev7_128ch20hz1024res_rtx
15,1355,001355,curated_forward_approach,apollo14_cone_crater_blocks_forward_02,14,62666669934,scans/001355.npy,poses/001355.npy,transforms/001355.npz,global_dem,656.6408364543851,-5505.345422738943,0.014378666897504722,-0.003412177538739729,-0.010449475505748342,0.3778368379222255,0.9258069396018983,645.0,-5511.0,0.0,included,os1_rev7_128ch20hz1024res_rtx
16,1356,001356,curated_forward_approach,apollo14_cone_crater_blocks_forward_02,15,65783336764,scans/001356.npy,poses/001356.npy,transforms/001356.npz,global_dem,657.3782128714513,-5504.620346929557,0.030455682838178233,-0.0008725169984967379,-0.004639118018713917,0.3823015901482048,0.9240255469781395,645.0,-5511.0,0.0,included,os1_rev7_128ch20hz1024res_rtx
17,1357,001357,curated_forward_approach,apollo14_cone_crater_blocks_forward_02,16,68900003593,scans/001357.npy,poses/001357.npy,transforms/001357.npz,global_dem,658.1022328830835,-5503.889301898348,0.03516385311441972,-0.005277662152006497,-0.0056405531395175585,0.3819609626187614,0.9241461753845215,645.0,-5511.0,0.0,included,os1_rev7_128ch20hz1024res_rtx
18,1358,001358,curated_forward_approach,apollo14_cone_crater_blocks_forward_02,17,72033337090,scans/001358.npy,poses/001358.npy,transforms/001358.npz,global_dem,658.8288281527425,-5503.1617291172215,0.04285090732601543,-0.004369454241025469,-0.006268870563383454,0.3810363494263768,0.9245284795761108,645.0,-5511.0,0.0,included,os1_rev7_128ch20hz1024res_rtx
19,1359,001359,curated_forward_approach,apollo14_cone_crater_blocks_forward_02,18,75083337249,scans/001359.npy,poses/001359.npy,transforms/001359.npz,global_dem,659.5352468344051,-5502.455051122767,0.05473255984056957,-0.004897022894857078,-0.00978643291068456,0.3818224006081556,0.9241709253657989,645.0,-5511.0,0.0,included,os1_rev7_128ch20hz1024res_rtx
20,1360,001360,curated_forward_approach,apollo14_cone_crater_blocks_forward_02,19,78150004075,scans/001360.npy,poses/001360.npy,transforms/001360.npz,global_dem,660.2438312437552,-5501.74404791604,0.07360822076465007,-0.005271619988110878,-0.013200119690421215,0.3817288451294926,0.9241650586659091,645.0,-5511.0,0.0,included,os1_rev7_128ch20hz1024res_rtx
21,1361,001361,curated_forward_approach,apollo14_cone_crater_blocks_forward_02,20,81250004237,scans/001361.npy,poses/001361.npy,transforms/001361.npz,global_dem,660.9657409281715,-5501.02865401925,0.0945371848133062,-5.137076010193843e-05,-0.013985113103240465,0.382003214468214,0.9240551704895581,645.0,-5511.0,0.0,included,os1_rev7_128ch20hz1024res_rtx
22,1362,001362,curated_forward_approach,apollo14_cone_crater_blocks_forward_02,21,84383337734,scans/001362.npy,poses/001362.npy,transforms/001362.npz,global_dem,661.6965274058498,-5500.300704935134,0.11828260635727916,-0.00026670705656929773,-0.011917560986125696,0.38164605798743406,0.9242316738946681,645.0,-5511.0,0.0,included,os1_rev7_128ch20hz1024res_rtx
23,1363,001363,curated_forward_approach,apollo14_cone_crater_blocks_forward_02,22,88466671280,scans/001363.npy,poses/001363.npy,transforms/001363.npz,global_dem,662.4121236448009,-5499.585756918119,0.1326542293730154,-0.002443230225774191,-0.005398152380646751,0.38279290082412787,0.9238151793814543,645.0,-5511.0,0.0,included,os1_rev7_128ch20hz1024res_rtx
24,1364,001364,curated_forward_approach,apollo14_cone_crater_blocks_forward_02,23,94116671575,scans/001364.npy,poses/001364.npy,transforms/001364.npz,global_dem,663.2246219904457,-5498.9824340922705,0.13663249070373035,-0.0034292672164005452,0.0012644068834611285,0.1681107318592343,0.9857613419257951,645.0,-5511.0,0.0,included,os1_rev7_128ch20hz1024res_rtx
25,1365,001365,curated_forward_approach,apollo14_cone_crater_blocks_forward_02,24,97216671736,scans/001365.npy,poses/001365.npy,transforms/001365.npz,global_dem,664.2270965832292,-5498.888735556367,0.13162010473928304,-0.008688875698325636,0.008335060721078926,-0.028060426438443767,0.9995337126230249,645.0,-5511.0,0.0,included,os1_rev7_128ch20hz1024res_rtx
26,1366,001366,curated_forward_approach,apollo14_cone_crater_blocks_forward_02,25,100300005231,scans/001366.npy,poses/001366.npy,transforms/001366.npz,global_dem,665.2471289406564,-5498.961463674342,0.11320580177745565,-0.01038094649522314,0.013842666067693915,-0.0322521244811152,0.9993299840455385,645.0,-5511.0,0.0,included,os1_rev7_128ch20hz1024res_rtx
27,1367,001367,curated_forward_approach,apollo14_cone_crater_blocks_forward_02,26,103383338725,scans/001367.npy,poses/001367.npy,transforms/001367.npz,global_dem,666.2729635039132,-5499.003510089611,0.07697534828521907,-0.010382704525477309,0.019264415108512085,-0.006990767674842599,0.9997360706329346,645.0,-5511.0,0.0,included,os1_rev7_128ch20hz1024res_rtx
28,1368,001368,curated_forward_approach,apollo14_cone_crater_blocks_forward_02,27,106450005551,scans/001368.npy,poses/001368.npy,transforms/001368.npz,global_dem,667.284305186348,-5499.007008550803,0.03939944297932024,-0.005984736865584665,0.018263108626292116,0.0052279016058251245,0.9998016357421875,645.0,-5511.0,0.0,included,os1_rev7_128ch20hz1024res_rtx
29,1369,001369,curated_forward_approach,apollo14_cone_crater_blocks_forward_02,28,109500005710,scans/001369.npy,poses/001369.npy,transforms/001369.npz,global_dem,668.287882221225,-5499.000884397348,0.0015560834811934043,-0.0032287385212701075,0.016901612083163355,0.005382199299376833,0.9998374581336975,645.0,-5511.0,0.0,included,os1_rev7_128ch20hz1024res_rtx
30,1370,001370,curated_forward_approach,apollo14_cone_crater_blocks_forward_02,29,112533339202,scans/001370.npy,poses/001370.npy,transforms/001370.npz,global_dem,669.2899118781241,-5498.99555702436,-0.03286202592756088,0.0012282998026536837,0.017485943655142902,-0.0014752943283944052,0.9998452663091068,645.0,-5511.0,0.0,included,os1_rev7_128ch20hz1024res_rtx
31,1371,001371,curated_forward_approach,apollo14_cone_crater_blocks_forward_02,30,117016672769,scans/001371.npy,poses/001371.npy,transforms/001371.npz,global_dem,670.2905071808208,-5499.000371309246,-0.06698286880790028,0.005864294809282104,0.015739189591830866,-0.0005242384256026776,0.9998587965965271,645.0,-5511.0,0.0,included,os1_rev7_128ch20hz1024res_rtx
32,1372,001372,curated_forward_approach,apollo14_cone_crater_blocks_forward_02,31,122966673079,scans/001372.npy,poses/001372.npy,transforms/001372.npz,global_dem,671.3020444493912,-5498.905881795091,-0.09851473094780377,0.007585376592727163,0.011955753033044173,0.15494113334036705,0.9878222346305847,645.0,-5511.0,0.0,included,os1_rev7_128ch20hz1024res_rtx
33,1373,001373,curated_forward_approach,apollo14_cone_crater_blocks_forward_02,32,126433339927,scans/001373.npy,poses/001373.npy,transforms/001373.npz,global_dem,672.1843737634349,-5498.377391221289,-0.1125494338856598,0.014531057509539399,0.008983528664980409,0.37085406716622915,0.9285340087722398,645.0,-5511.0,0.0,included,os1_rev7_128ch20hz1024res_rtx
34,1374,001374,curated_forward_approach,apollo14_cone_crater_blocks_forward_02,33,131650006866,scans/001374.npy,poses/001374.npy,transforms/001374.npz,global_dem,672.7628767034223,-5497.549204044766,-0.11351636822484906,0.01097658503640982,0.0066019623174270944,0.513048521247748,0.8582640290260316,645.0,-5511.0,0.0,included,os1_rev7_128ch20hz1024res_rtx
35,1375,001375,curated_forward_approach,apollo14_cone_crater_blocks_forward_02,34,138100007202,scans/001375.npy,poses/001375.npy,transforms/001375.npz,global_dem,673.468641990555,-5496.828929760986,-0.12512084923737427,-0.005086358323746807,0.006263671700071042,0.2234898726011062,0.9746728539466858,645.0,-5511.0,0.0,included,os1_rev7_128ch20hz1024res_rtx
36,1376,001376,curated_forward_approach,apollo14_cone_crater_blocks_forward_02,35,141683340722,scans/001376.npy,poses/001376.npy,transforms/001376.npz,global_dem,674.4699382648023,-5496.7387159222335,-0.141227416794189,-0.0033434285527200254,0.005026429021529024,-0.09274398080396053,0.9956716881188493,645.0,-5511.0,0.0,included,os1_rev7_128ch20hz1024res_rtx
37,1377,001377,curated_forward_approach,apollo14_cone_crater_blocks_forward_02,36,144883340889,scans/001377.npy,poses/001377.npy,transforms/001377.npz,global_dem,675.5083444761295,-5496.948573987474,-0.1516491561507864,0.00018228440462615689,0.005423625177412884,-0.07827001744714736,0.9969174265861511,645.0,-5511.0,0.0,included,os1_rev7_128ch20hz1024res_rtx
38,1378,001378,curated_forward_approach,apollo14_cone_crater_blocks_forward_02,37,147950007716,scans/001378.npy,poses/001378.npy,transforms/001378.npz,global_dem,676.5228306152381,-5497.0257750589935,-0.16149523524326448,0.004819936825827703,0.0059500268387103795,-0.010863968421151409,0.9999116658884213,645.0,-5511.0,0.0,included,os1_rev7_128ch20hz1024res_rtx
39,1379,001379,curated_forward_approach,apollo14_cone_crater_blocks_forward_02,38,151000007875,scans/001379.npy,poses/001379.npy,transforms/001379.npz,global_dem,677.5306350166426,-5497.019617483041,-0.17474145347471032,0.0029712829983302947,0.005704987262404158,0.008617095145213853,0.999942183463093,645.0,-5511.0,0.0,included,os1_rev7_128ch20hz1024res_rtx
40,1380,001380,curated_forward_approach,apollo14_cone_crater_blocks_forward_02,39,154033341366,scans/001380.npy,poses/001380.npy,transforms/001380.npz,global_dem,678.5359482234493,-5497.003065990643,-0.18820282746095546,0.0004530512123473995,0.010490223359688895,0.00742202185858547,0.9999173283576965,645.0,-5511.0,0.0,included,os1_rev7_128ch20hz1024res_rtx
41,1381,001381,curated_forward_approach,apollo14_cone_crater_blocks_forward_02,40,157166674863,scans/001381.npy,poses/001381.npy,transforms/001381.npz,global_dem,679.5637249832185,-5496.996465268984,-0.21182339304289238,-0.0005318784811641655,0.014358493586966375,0.0006981695810735387,0.999896526309813,645.0,-5511.0,0.0,included,os1_rev7_128ch20hz1024res_rtx
42,1382,001382,curated_forward_approach,apollo14_cone_crater_blocks_forward_02,41,163400008521,scans/001382.npy,poses/001382.npy,transforms/001382.npz,global_dem,680.5867397022768,-5496.99796628645,-0.24148587209927597,0.000549974472237428,0.016719107880849744,0.0031912589937232658,0.9998549818977668,645.0,-5511.0,0.0,included,os1_rev7_128ch20hz1024res_rtx
43,1383,001383,curated_forward_approach,apollo14_cone_crater_blocks_forward_02,42,167583342073,scans/001383.npy,poses/001383.npy,transforms/001383.npz,global_dem,681.5655591393408,-5496.789476938898,-0.2727007753739373,0.007280656905532566,0.016605275670460908,0.2523780173272396,0.9674588328321281,645.0,-5511.0,0.0,included,os1_rev7_128ch20hz1024res_rtx
44,1384,001384,curated_forward_approach,apollo14_cone_crater_blocks_forward_02,43,170916675580,scans/001384.npy,poses/001384.npy,transforms/001384.npz,global_dem,682.306906604489,-5496.101242311756,-0.2990523923481342,0.005815249390448942,0.014534910824914905,0.45971386793215707,0.887929095633595,645.0,-5511.0,0.0,included,os1_rev7_128ch20hz1024res_rtx
45,1385,001385,curated_forward_approach,apollo14_cone_crater_blocks_forward_02,44,177100009236,scans/001385.npy,poses/001385.npy,transforms/001385.npz,global_dem,682.8674678188496,-5495.251346950317,-0.324855294525908,-0.005056427148948991,0.014956282675817133,0.4146369312626683,0.9098499642172251,645.0,-5511.0,0.0,included,os1_rev7_128ch20hz1024res_rtx
46,1386,001386,curated_forward_approach,apollo14_cone_crater_blocks_forward_02,45,181233342785,scans/001386.npy,poses/001386.npy,transforms/001386.npz,global_dem,683.7237771156551,-5494.70139106036,-0.35993828967874053,-0.010573049291887824,0.010287414105134498,0.15899961468982837,0.9871684264947836,645.0,-5511.0,0.0,included,os1_rev7_128ch20hz1024res_rtx
47,1387,001387,curated_forward_approach,apollo14_cone_crater_blocks_forward_02,46,184783342970,scans/001387.npy,poses/001387.npy,transforms/001387.npz,global_dem,684.747876336964,-5494.71143192577,-0.37559550095874816,-0.010958147976463531,0.006759779112398211,-0.12192324855014032,0.9924560170819956,645.0,-5511.0,0.0,included,os1_rev7_128ch20hz1024res_rtx
48,1388,001388,curated_forward_approach,apollo14_cone_crater_blocks_forward_02,47,187966676469,scans/001388.npy,poses/001388.npy,transforms/001388.npz,global_dem,685.7428817824058,-5494.952547523709,-0.38877571978187236,-0.006452148325939285,0.006802856392547073,-0.09267444408535355,0.9956523180007935,645.0,-5511.0,0.0,included,os1_rev7_128ch20hz1024res_rtx
49,1389,001389,curated_forward_approach,apollo14_cone_crater_blocks_forward_02,48,194000010117,scans/001389.npy,poses/001389.npy,transforms/001389.npz,global_dem,686.7441995570391,-5495.036263683664,-0.404093841569365,0.0028215142925297246,0.00560184422244735,0.035417175059701086,0.9993529317059089,645.0,-5511.0,0.0,included,os1_rev7_128ch20hz1024res_rtx
50,1390,001390,curated_forward_approach,apollo14_cone_crater_blocks_forward_02,49,198000010326,scans/001390.npy,poses/001390.npy,transforms/001390.npz,global_dem,687.6817379252959,-5494.681353784787,-0.4139509909975037,0.002858325741677084,0.001936871697418118,0.34938061932266373,0.9369745254507692,645.0,-5511.0,0.0,included,os1_rev7_128ch20hz1024res_rtx
51,1391,001391,curated_forward_approach,apollo14_cone_crater_blocks_forward_02,50,201416677171,scans/001391.npy,poses/001391.npy,transforms/001391.npz,global_dem,688.2979075190875,-5493.882823228063,-0.4148170177094357,-0.0028141433245376167,8.541845860744038e-05,0.4637982372743061,0.8859363794326782,645.0,-5511.0,0.0,included,os1_rev7_128ch20hz1024res_rtx
52,1392,001392,curated_forward_approach,apollo14_cone_crater_blocks_forward_02,51,207750010835,scans/001392.npy,poses/001392.npy,transforms/001392.npz,global_dem,688.9416663896344,-5493.084270612419,-0.4157097756198355,-0.007564323884039036,-0.003093452691381855,0.33616075896206965,0.9417691626341717,645.0,-5511.0,0.0,included,os1_rev7_128ch20hz1024res_rtx
53,1393,001393,curated_forward_approach,apollo14_cone_crater_blocks_forward_02,52,211500011030,scans/001393.npy,poses/001393.npy,transforms/001393.npz,global_dem,689.9236098257888,-5492.8023951563255,-0.41335994189066677,6.26021840100469e-05,-0.0037210597898718494,-0.01955713182685382,0.9998018145561218,645.0,-5511.0,0.0,included,os1_rev7_128ch20hz1024res_rtx
54,1394,001394,curated_forward_approach,apollo14_cone_crater_blocks_forward_02,53,214550011189,scans/001394.npy,poses/001394.npy,transforms/001394.npz,global_dem,690.918311986105,-5492.924556997537,-0.40735448914009476,-0.00014944874356919384,-0.006325768404086064,-0.0671512214717466,0.9977227449417114,645.0,-5511.0,0.0,included,os1_rev7_128ch20hz1024res_rtx
55,1395,001395,curated_forward_approach,apollo14_cone_crater_blocks_forward_02,54,217950011366,scans/001395.npy,poses/001395.npy,transforms/001395.npz,global_dem,691.9178382523597,-5493.012757706664,-0.3983413430832091,0.0013238450825222914,-0.004005756354263692,-0.02062745069928998,0.999778330245198,645.0,-5511.0,0.0,included,os1_rev7_128ch20hz1024res_rtx
56,1396,001396,curated_forward_approach,apollo14_cone_crater_blocks_forward_02,55,224033345017,scans/001396.npy,poses/001396.npy,transforms/001396.npz,global_dem,692.9478099997008,-5492.976806840977,-0.38868436698566544,0.00295382206403763,-0.0032282399561179907,0.1133893009284446,0.9935410005817367,645.0,-5511.0,0.0,included,os1_rev7_128ch20hz1024res_rtx
57,1397,001397,curated_forward_approach,apollo14_cone_crater_blocks_forward_02,56,227416678527,scans/001397.npy,poses/001397.npy,transforms/001397.npz,global_dem,693.8082199547852,-5492.426891949102,-0.38520568464565136,-0.00031048571183803507,0.0010689869762324094,0.39763332140294305,0.9175437333312954,645.0,-5511.0,0.0,included,os1_rev7_128ch20hz1024res_rtx
58,1398,001398,curated_forward_approach,apollo14_cone_crater_blocks_forward_02,57,230566678691,scans/001398.npy,poses/001398.npy,transforms/001398.npz,global_dem,694.4563861105564,-5491.619307934981,-0.3883988620649047,-0.0034334836212977214,0.0002548723136752196,0.4309323392464616,0.9023776732731692,645.0,-5511.0,0.0,included,os1_rev7_128ch20hz1024res_rtx
59,1399,001399,curated_forward_approach,apollo14_cone_crater_blocks_forward_02,58,233700012188,scans/001399.npy,poses/001399.npy,transforms/001399.npz,global_dem,695.1327105874767,-5490.841690334651,-0.39183386823505134,-0.006402155537420914,-0.0023068692521854826,0.3935785677696472,0.919265794942421,645.0,-5511.0,0.0,included,os1_rev7_128ch20hz1024res_rtx
60,1400,001400,curated_forward_approach,apollo14_cone_crater_blocks_forward_02,59,236816679017,scans/001400.npy,poses/001400.npy,transforms/001400.npz,global_dem,695.8533904340492,-5490.110009015338,-0.390529495306244,-0.011220012421382519,-0.005517418014937097,0.3788716027909285,0.9253647810557443,645.0,-5511.0,0.0,included,os1_rev7_128ch20hz1024res_rtx
61,1401,001401,curated_forward_approach,apollo14_cone_crater_blocks_forward_02,60,239950012514,scans/001401.npy,poses/001401.npy,transforms/001401.npz,global_dem,696.5610680189214,-5489.408815455407,-0.3754145563736792,-0.005807367401171787,-0.03697888573936576,0.3784745155349629,0.9248545169830322,645.0,-5511.0,0.0,included,os1_rev7_128ch20hz1024res_rtx
62,1402,001402,curated_forward_approach,apollo14_cone_crater_blocks_forward_02,61,243250012686,scans/001402.npy,poses/001402.npy,transforms/001402.npz,global_dem,697.3485243055754,-5488.936998792019,-0.45648317170336783,0.25391640381984004,-0.11861101619244338,0.3511176664346869,0.8934059945100301,645.0,-5511.0,0.0,included,os1_rev7_128ch20hz1024res_rtx
63,1403,001403,curated_forward_approach,apollo14_cone_crater_blocks_forward_02,62,246483346188,scans/001403.npy,poses/001403.npy,transforms/001403.npz,global_dem,698.0606084262894,-5487.988009198573,-0.3317534752971864,-0.02587643503842699,-0.013936526493196532,0.36394793164047995,0.9309554696083069,645.0,-5511.0,0.0,included,os1_rev7_128ch20hz1024res_rtx
64,1404,001404,curated_forward_approach,apollo14_cone_crater_blocks_forward_02,63,252800013184,scans/001404.npy,poses/001404.npy,transforms/001404.npz,global_dem,698.7487911329279,-5487.262851192222,-0.31521858573103356,-0.02451001975814134,-0.02224239901359596,0.38852035013503017,0.9208455202413319,645.0,-5511.0,0.0,included,os1_rev7_128ch20hz1024res_rtx
65,1405,001405,curated_forward_approach,apollo14_cone_crater_blocks_forward_02,64,256466680042,scans/001405.npy,poses/001405.npy,transforms/001405.npz,global_dem,699.6315694354786,-5486.757949673415,-0.275770315332366,-0.01749568690709097,-0.03562838330199283,0.10386647296064809,0.9937989107649748,645.0,-5511.0,0.0,included,os1_rev7_128ch20hz1024res_rtx
66,1406,001406,curated_forward_approach,apollo14_cone_crater_blocks_forward_02,65,259783346882,scans/001406.npy,poses/001406.npy,transforms/001406.npz,global_dem,700.6456770222389,-5486.806262796244,-0.2006583018935248,-0.01526407453205664,-0.0370349283416423,-0.10219236289349838,0.9939578175544739,645.0,-5511.0,0.0,included,os1_rev7_128ch20hz1024res_rtx
67,1407,001407,curated_forward_approach,apollo14_cone_crater_blocks_forward_02,66,262966680381,scans/001407.npy,poses/001407.npy,transforms/001407.npz,global_dem,701.674609585134,-5486.957023970502,-0.12905756285285575,-0.020938492432390137,-0.0283944363164106,-0.04535774633304931,0.9983476400375366,645.0,-5511.0,0.0,included,os1_rev7_128ch20hz1024res_rtx
68,1408,001408,curated_forward_approach,apollo14_cone_crater_blocks_forward_02,67,266150013880,scans/001408.npy,poses/001408.npy,transforms/001408.npz,global_dem,702.6951924401836,-5486.982919882002,-0.0616673344991821,-0.03134973427439861,-0.04339131626700899,-0.005857758313897736,0.9985489845275879,645.0,-5511.0,0.0,included,os1_rev7_128ch20hz1024res_rtx
69,1409,001409,curated_forward_approach,apollo14_cone_crater_blocks_forward_02,68,269250014042,scans/001409.npy,poses/001409.npy,transforms/001409.npz,global_dem,703.6765123624073,-5486.968361373813,0.04065860296730439,-0.04161043092342425,-0.06963072122491966,-4.435193906747581e-05,0.9967046366567028,645.0,-5511.0,0.0,included,os1_rev7_128ch20hz1024res_rtx
70,1410,001410,curated_forward_approach,apollo14_cone_crater_blocks_forward_02,69,272350014204,scans/001410.npy,poses/001410.npy,transforms/001410.npz,global_dem,704.6893001333958,-5486.94548530378,0.1703763120629217,-0.05868188696405617,-0.06694707127652495,-0.005157957316748022,0.9960160246030946,645.0,-5511.0,0.0,included,os1_rev7_128ch20hz1024res_rtx
71,1411,001411,curated_forward_approach,apollo14_cone_crater_blocks_forward_02,70,275483347700,scans/001411.npy,poses/001411.npy,transforms/001411.npz,global_dem,705.6990601009988,-5486.943362887523,0.3110665487581759,-0.0633474053801219,-0.07474573053460797,-0.007432890620661817,0.9951607579358601,645.0,-5511.0,0.0,included,os1_rev7_128ch20hz1024res_rtx
72,1412,001412,curated_forward_approach,apollo14_cone_crater_blocks_forward_02,71,278600014530,scans/001412.npy,poses/001412.npy,transforms/001412.npz,global_dem,706.715732062541,-5486.947829091322,0.44934432473640135,-0.05941376423768873,-0.07201311153364699,-0.0028380914249169316,0.9956284756993518,645.0,-5511.0,0.0,included,os1_rev7_128ch20hz1024res_rtx
73,1413,001413,curated_forward_approach,apollo14_cone_crater_blocks_forward_02,72,281600014686,scans/001413.npy,poses/001413.npy,transforms/001413.npz,global_dem,707.76569787434,-5486.937990825915,0.5036639653359534,-0.06731294036790944,-0.01291701723916855,-0.00453490835380011,0.9976379871130069,645.0,-5511.0,0.0,included,os1_rev7_128ch20hz1024res_rtx
74,1414,001414,curated_forward_approach,apollo14_cone_crater_blocks_forward_02,73,284716681515,scans/001414.npy,poses/001414.npy,transforms/001414.npz,global_dem,708.7673210388584,-5486.929166080598,0.5313371614284681,-0.07412845542659263,-0.0369932797903142,-0.006442880608812292,0.9965414987023289,645.0,-5511.0,0.0,included,os1_rev7_128ch20hz1024res_rtx
75,1415,001415,curated_forward_approach,apollo14_cone_crater_blocks_forward_02,74,287833348345,scans/001415.npy,poses/001415.npy,transforms/001415.npz,global_dem,709.7650451916994,-5486.922786354781,0.6219763360364897,-0.08143207348953077,-0.059987560510432685,-0.011183377333984756,0.9948091485619786,645.0,-5511.0,0.0,included,os1_rev7_128ch20hz1024res_rtx
76,1416,001416,curated_forward_approach,apollo14_cone_crater_blocks_forward_02,75,290916681839,scans/001416.npy,poses/001416.npy,transforms/001416.npz,global_dem,710.8029425833208,-5486.929539760131,0.7324666323991004,-0.07855054817701981,-0.03354161735252885,-0.012512282714349916,0.9962671399116516,645.0,-5511.0,0.0,included,os1_rev7_128ch20hz1024res_rtx
77,1417,001417,curated_forward_approach,apollo14_cone_crater_blocks_forward_02,76,294016682000,scans/001417.npy,poses/001417.npy,transforms/001417.npz,global_dem,711.8399342764524,-5486.961091391623,0.7742749591109717,-0.05232775326948926,-0.01573063240562667,-0.00936526373546752,0.9984621401320392,645.0,-5511.0,0.0,included,os1_rev7_128ch20hz1024res_rtx
78,1418,001418,curated_forward_approach,apollo14_cone_crater_blocks_forward_02,77,297166682165,scans/001418.npy,poses/001418.npy,transforms/001418.npz,global_dem,712.8666007876257,-5487.00762332014,0.7885747566735222,-0.00853256683812497,-0.024592241215664567,0.004858226337728306,0.999649345826823,645.0,-5511.0,0.0,included,os1_rev7_128ch20hz1024res_rtx
79,1419,001419,curated_forward_approach,apollo14_cone_crater_blocks_forward_02,78,300283348994,scans/001419.npy,poses/001419.npy,transforms/001419.npz,global_dem,713.8622939183145,-5487.032195186412,0.859233945223506,0.02548956145027167,-0.04873486658572804,0.008264811906519672,0.9984522461891174,645.0,-5511.0,0.0,included,os1_rev7_128ch20hz1024res_rtx
80,1420,001420,curated_forward_approach,apollo14_cone_crater_blocks_forward_02,79,303316682485,scans/001420.npy,poses/001420.npy,transforms/001420.npz,global_dem,714.8830908916539,-5487.018995207981,0.9281946056978416,0.01711349514102724,-0.03445294183941821,0.007242136210429291,0.99923354354514,645.0,-5511.0,0.0,included,os1_rev7_128ch20hz1024res_rtx
81,1421,001421,curated_forward_approach,apollo14_cone_crater_blocks_forward_02,80,306450015982,scans/001421.npy,poses/001421.npy,transforms/001421.npz,global_dem,715.9017507297476,-5486.972499070298,0.9826837754498283,-0.02108455660000916,-0.04126263305184575,-0.0016769222301556705,0.9989244338379374,645.0,-5511.0,0.0,included,os1_rev7_128ch20hz1024res_rtx
82,1422,001422,curated_forward_approach,apollo14_cone_crater_blocks_forward_02,81,309616682814,scans/001422.npy,poses/001422.npy,transforms/001422.npz,global_dem,716.8720062647225,-5486.948446147532,1.057428179630143,-0.04710771616013866,-0.10015535534771591,-0.0020054580390195895,0.9938539862632751,645.0,-5511.0,0.0,included,os1_rev7_128ch20hz1024res_rtx
83,1423,001423,curated_forward_approach,apollo14_cone_crater_blocks_forward_02,82,312666682973,scans/001423.npy,poses/001423.npy,transforms/001423.npz,global_dem,717.9048299204226,-5486.981442782929,1.1800073021792312,-0.011481304865417926,-0.0616362600416197,-0.0037655685310851793,0.9980255365371704,645.0,-5511.0,0.0,included,os1_rev7_128ch20hz1024res_rtx
84,1424,001424,curated_forward_approach,apollo14_cone_crater_blocks_forward_02,83,315783349802,scans/001424.npy,poses/001424.npy,transforms/001424.npz,global_dem,718.9171868841113,-5486.99075858124,1.3077367446664259,-0.007897910817465827,-0.06497414720550403,-0.0035087902670139642,0.9978495235207056,645.0,-5511.0,0.0,included,os1_rev7_128ch20hz1024res_rtx
85,1425,001425,curated_forward_approach,apollo14_cone_crater_blocks_forward_02,84,318933349967,scans/001425.npy,poses/001425.npy,transforms/001425.npz,global_dem,719.9422209511865,-5486.996989463738,1.4429169578309222,-0.004806989484711332,-0.06592499668712418,-0.001589916949364792,0.9978117356635924,645.0,-5511.0,0.0,included,os1_rev7_128ch20hz1024res_rtx
86,1426,001426,curated_forward_approach,apollo14_cone_crater_blocks_forward_02,85,321983350126,scans/001426.npy,poses/001426.npy,transforms/001426.npz,global_dem,720.9362372377086,-5487.002873163752,1.5750710811829058,0.00034283959933240196,-0.06456813443617333,3.3795012231933495e-05,0.9979132413864136,645.0,-5511.0,0.0,included,os1_rev7_128ch20hz1024res_rtx
87,1427,001427,curated_forward_approach,apollo14_cone_crater_blocks_forward_02,86,325133350290,scans/001427.npy,poses/001427.npy,transforms/001427.npz,global_dem,721.9586480505693,-5487.001587076867,1.708244246426167,0.0013949441523825774,-0.06568400515051953,0.0020347750688180545,0.9978374242774309,645.0,-5511.0,0.0,included,os1_rev7_128ch20hz1024res_rtx
88,1428,001428,curated_forward_approach,apollo14_cone_crater_blocks_forward_02,87,328300017122,scans/001428.npy,poses/001428.npy,transforms/001428.npz,global_dem,722.9875972880423,-5487.002866565371,1.8447839550890914,0.003848653060517264,-0.06772141149390029,0.0002486381417055882,0.9976968159085045,645.0,-5511.0,0.0,included,os1_rev7_128ch20hz1024res_rtx
89,1429,001429,curated_forward_approach,apollo14_cone_crater_blocks_forward_02,88,331450017286,scans/001429.npy,poses/001429.npy,transforms/001429.npz,global_dem,724.0008517563421,-5487.0006909548065,1.9907408716040778,0.004297994541719411,-0.07262312136970332,-0.000818331432015417,0.9973498582839966,645.0,-5511.0,0.0,included,os1_rev7_128ch20hz1024res_rtx
90,1430,001430,curated_forward_approach,apollo14_cone_crater_blocks_forward_02,89,334516684113,scans/001430.npy,poses/001430.npy,transforms/001430.npz,global_dem,724.9941853815859,-5487.0046168024155,2.1344302017736836,0.003358212020393807,-0.07258591769748284,-0.0012242668957731342,0.9973557580595844,645.0,-5511.0,0.0,included,os1_rev7_128ch20hz1024res_rtx
91,1431,001431,curated_forward_approach,apollo14_cone_crater_blocks_forward_02,90,337566684272,scans/001431.npy,poses/001431.npy,transforms/001431.npz,global_dem,725.9913643827758,-5487.002600641543,2.272327296413208,-0.00012436921009586295,-0.06705589370569881,0.0006029993379887024,0.9977490305900718,645.0,-5511.0,0.0,included,os1_rev7_128ch20hz1024res_rtx
92,1432,001432,curated_forward_approach,apollo14_cone_crater_blocks_forward_02,91,340633351098,scans/001432.npy,poses/001432.npy,transforms/001432.npz,global_dem,726.9887703235521,-5487.00068078897,2.4035982811848355,-0.000526562429196506,-0.06624839581765997,-0.0019153814759370236,0.9978011846542358,645.0,-5511.0,0.0,included,os1_rev7_128ch20hz1024res_rtx
93,1433,001433,curated_forward_approach,apollo14_cone_crater_blocks_forward_02,92,343683351257,scans/001433.npy,poses/001433.npy,transforms/001433.npz,global_dem,727.9823200386593,-5487.002329349483,2.5291261933110287,0.0007494416149546158,-0.06551823212185635,-0.0018016549582623696,0.9978494644165039,645.0,-5511.0,0.0,included,os1_rev7_128ch20hz1024res_rtx
94,1434,001434,curated_forward_approach,apollo14_cone_crater_blocks_forward_02,93,346766684751,scans/001434.npy,poses/001434.npy,transforms/001434.npz,global_dem,728.982803201131,-5487.001910111143,2.656479731465474,-0.00023014680132302755,-0.06908239998649754,-0.0022633804873507636,0.9976083631131633,645.0,-5511.0,0.0,included,os1_rev7_128ch20hz1024res_rtx
95,1435,001435,curated_forward_approach,apollo14_cone_crater_blocks_forward_02,94,349833351578,scans/001435.npy,poses/001435.npy,transforms/001435.npz,global_dem,729.979576152187,-5487.006057597482,2.7972509194727295,0.003215127928631193,-0.06916941431482898,-0.00022990798017806434,0.9975997204380457,645.0,-5511.0,0.0,included,os1_rev7_128ch20hz1024res_rtx
96,1436,001436,curated_forward_approach,apollo14_cone_crater_blocks_forward_02,95,352933351740,scans/001436.npy,poses/001436.npy,transforms/001436.npz,global_dem,730.9874140976665,-5487.006221772293,2.9389624898328144,0.005031449346883515,-0.06849892413326153,0.0015677084960400893,0.9976372708555585,645.0,-5511.0,0.0,included,os1_rev7_128ch20hz1024res_rtx
97,1437,001437,curated_forward_approach,apollo14_cone_crater_blocks_forward_02,96,356050018569,scans/001437.npy,poses/001437.npy,transforms/001437.npz,global_dem,732.0056026480726,-5486.996956955169,3.077197440594948,-0.0011382838488249148,-0.06358801501695836,0.0010887364534823067,0.9979749913244407,645.0,-5511.0,0.0,included,os1_rev7_128ch20hz1024res_rtx
98,1438,001438,curated_forward_approach,apollo14_cone_crater_blocks_forward_02,97,359166685398,scans/001438.npy,poses/001438.npy,transforms/001438.npz,global_dem,733.0200129150755,-5486.996191648911,3.2089138165398143,0.0014287298255498723,-0.062442626580840224,-5.2428170251985436e-05,0.998047531116659,645.0,-5511.0,0.0,included,os1_rev7_128ch20hz1024res_rtx
99,1439,001439,curated_forward_approach,apollo14_cone_crater_blocks_forward_02,98,362283352227,scans/001439.npy,poses/001439.npy,transforms/001439.npz,global_dem,734.0306662468744,-5487.013786583505,3.3286976648387405,0.01627947056006366,-0.06595889161845746,0.0016463356147516917,0.9976881742477417,645.0,-5511.0,0.0,included,os1_rev7_128ch20hz1024res_rtx
100,1440,001440,curated_forward_approach,apollo14_cone_crater_blocks_forward_02,99,365416685724,scans/001440.npy,poses/001440.npy,transforms/001440.npz,global_dem,735.0589826520511,-5487.033028486695,3.4446758712347734,0.03359682584022804,-0.05944573963226032,0.005873401966324937,0.9976487159729004,645.0,-5511.0,0.0,included,os1_rev7_128ch20hz1024res_rtx
101,1441,001441,curated_forward_approach,apollo14_cone_crater_blocks_forward_02,100,368566685888,scans/001441.npy,poses/001441.npy,transforms/001441.npz,global_dem,736.0788978372864,-5487.027562190844,3.5665682268473495,0.02947072947755908,-0.06450287308327264,0.0018988370502606355,0.9974804508790738,645.0,-5511.0,0.0,included,os1_rev7_128ch20hz1024res_rtx
102,1442,001442,curated_forward_approach,apollo14_cone_crater_blocks_forward_02,101,371716686053,scans/001442.npy,poses/001442.npy,transforms/001442.npz,global_dem,737.1083880916644,-5487.0178052733545,3.6881748113701507,0.0181784686242557,-0.06219721278348747,0.0010687521633732592,0.9978977441447876,645.0,-5511.0,0.0,included,os1_rev7_128ch20hz1024res_rtx
103,1443,001443,curated_forward_approach,apollo14_cone_crater_blocks_forward_02,102,374866686217,scans/001443.npy,poses/001443.npy,transforms/001443.npz,global_dem,738.0949123813048,-5487.026136421222,3.815048779741174,0.027212734884857634,-0.09699748496984181,0.0018724751095357593,0.9949107742941454,645.0,-5511.0,0.0,included,os1_rev7_128ch20hz1024res_rtx
104,1444,001444,curated_forward_approach,apollo14_cone_crater_blocks_forward_02,103,377983353046,scans/001444.npy,poses/001444.npy,transforms/001444.npz,global_dem,739.1737275039754,-5486.838713773923,3.807766748854703,-0.14334322725763715,-0.046602525898333136,-0.0020518987786703495,0.9885730693735606,645.0,-5511.0,0.0,included,os1_rev7_128ch20hz1024res_rtx
105,1445,001445,curated_forward_approach,apollo14_cone_crater_blocks_forward_02,104,381883353250,scans/001445.npy,poses/001445.npy,transforms/001445.npz,global_dem,739.9981571376932,-5486.791740122756,3.989367016048046,-0.12384429106377856,-0.25461305790007854,0.04857775070756304,0.9578491449356079,645.0,-5511.0,0.0,included,os1_rev7_128ch20hz1024res_rtx
106,1446,001446,curated_forward_approach,apollo14_cone_crater_blocks_forward_02,105,385666686780,scans/001446.npy,poses/001446.npy,transforms/001446.npz,global_dem,741.1445186261084,-5486.845197609639,4.218012122044412,0.02347713127095669,-0.06691534230549251,-0.04608943737597288,0.996417043729076,645.0,-5511.0,0.0,included,os1_rev7_128ch20hz1024res_rtx
107,1447,001447,curated_forward_approach,apollo14_cone_crater_blocks_forward_02,106,388766686942,scans/001447.npy,poses/001447.npy,transforms/001447.npz,global_dem,742.1386016162292,-5486.964558818956,4.350646193157196,0.013206111918570487,-0.06779180364635917,-0.0469991502282901,0.9965043651907333,645.0,-5511.0,0.0,included,os1_rev7_128ch20hz1024res_rtx
108,1448,001448,curated_forward_approach,apollo14_cone_crater_blocks_forward_02,107,391866687104,scans/001448.npy,poses/001448.npy,transforms/001448.npz,global_dem,743.1405136296806,-5487.008190708719,4.488191055633007,0.0019662145423516384,-0.07045114298305451,-0.003271312602091829,0.997507929275058,645.0,-5511.0,0.0,included,os1_rev7_128ch20hz1024res_rtx
109,1449,001449,curated_forward_approach,apollo14_cone_crater_blocks_forward_02,108,394983353933,scans/001449.npy,poses/001449.npy,transforms/001449.npz,global_dem,744.1531074920052,-5487.0021026531385,4.628409341086015,-0.0018312739931053473,-0.06748219066891077,0.0007557644026513485,0.9977185120053926,645.0,-5511.0,0.0,included,os1_rev7_128ch20hz1024res_rtx
110,1450,001450,curated_forward_approach,apollo14_cone_crater_blocks_forward_02,109,398116687430,scans/001450.npy,poses/001450.npy,transforms/001450.npz,global_dem,745.1735406530634,-5486.996477994563,4.768829671676122,-0.004001067138250135,-0.0658967134428974,0.0012573113565082818,0.9978176355363403,645.0,-5511.0,0.0,included,os1_rev7_128ch20hz1024res_rtx
111,1451,001451,curated_forward_approach,apollo14_cone_crater_blocks_forward_02,110,401250020926,scans/001451.npy,poses/001451.npy,transforms/001451.npz,global_dem,746.1976003454764,-5486.992758289745,4.890344763811218,-0.006400087527912239,-0.060270678190619605,-0.002287188963680337,0.9981589317321777,645.0,-5511.0,0.0,included,os1_rev7_128ch20hz1024res_rtx
112,1452,001452,curated_forward_approach,apollo14_cone_crater_blocks_forward_02,111,404400021091,scans/001452.npy,poses/001452.npy,transforms/001452.npz,global_dem,747.2259687746836,-5486.992185562053,5.005824835590655,-0.007393896330863756,-0.05421870247208603,-0.004588116174420357,0.9984911676070359,645.0,-5511.0,0.0,included,os1_rev7_128ch20hz1024res_rtx
113,1453,001453,curated_forward_approach,apollo14_cone_crater_blocks_forward_02,112,407516687920,scans/001453.npy,poses/001453.npy,transforms/001453.npz,global_dem,748.2423014425708,-5487.001615254331,5.107641517970155,-0.0033521598308460273,-0.05206776029709499,0.0033136425018057444,0.9986324304444969,645.0,-5511.0,0.0,included,os1_rev7_128ch20hz1024res_rtx
114,1454,001454,curated_forward_approach,apollo14_cone_crater_blocks_forward_02,113,410633354749,scans/001454.npy,poses/001454.npy,transforms/001454.npz,global_dem,749.269355351954,-5486.991111461663,5.2044414901549985,-0.005578744926030512,-0.04675422630910719,-0.00023442869635551021,0.9988908173421525,645.0,-5511.0,0.0,included,os1_rev7_128ch20hz1024res_rtx
115,1455,001455,curated_forward_approach,apollo14_cone_crater_blocks_forward_02,114,413716688243,scans/001455.npy,poses/001455.npy,transforms/001455.npz,global_dem,750.276785099018,-5486.9899568155715,5.295381821422145,-0.007786263400129503,-0.04429258692284449,-0.006014845113024836,0.9989701509475708,645.0,-5511.0,0.0,included,os1_rev7_128ch20hz1024res_rtx
116,1456,001456,curated_forward_approach,apollo14_cone_crater_blocks_forward_02,115,416783355070,scans/001456.npy,poses/001456.npy,transforms/001456.npz,global_dem,751.2761590048843,-5486.994346743928,5.382543619444023,-0.01248786832123154,-0.04201986521736554,0.008300801205690099,0.9990042446212377,645.0,-5511.0,0.0,included,os1_rev7_128ch20hz1024res_rtx
117,1457,001457,curated_forward_approach,apollo14_cone_crater_blocks_forward_02,116,419833355229,scans/001457.npy,poses/001457.npy,transforms/001457.npz,global_dem,752.2721047991436,-5486.977886005949,5.465687784508298,-0.01671011364078096,-0.044592966277170985,0.0012371914918510652,0.9988647099672346,645.0,-5511.0,0.0,included,os1_rev7_128ch20hz1024res_rtx
118,1458,001458,curated_forward_approach,apollo14_cone_crater_blocks_forward_02,117,422983355393,scans/001458.npy,poses/001458.npy,transforms/001458.npz,global_dem,753.2930583778167,-5486.992011504649,5.571732631057369,-0.005935152251168493,-0.050656166234883886,0.0020912177954146315,0.9986963270175131,645.0,-5511.0,0.0,included,os1_rev7_128ch20hz1024res_rtx
119,1459,001459,curated_forward_approach,apollo14_cone_crater_blocks_forward_02,118,426100022222,scans/001459.npy,poses/001459.npy,transforms/001459.npz,global_dem,754.293956032164,-5486.980795352085,5.677029553576795,-0.015494892240572442,-0.06305127802957593,0.0003469041192674413,0.9978899359703064,645.0,-5511.0,0.0,included,os1_rev7_128ch20hz1024res_rtx
120,1460,001460,curated_forward_approach,apollo14_cone_crater_blocks_forward_02,119,429233355719,scans/001460.npy,poses/001460.npy,transforms/001460.npz,global_dem,755.3048804966863,-5486.986317554074,5.806172532439118,-0.010138904834124553,-0.0705735266887894,-0.002065188583344951,0.9974529136433391,645.0,-5511.0,0.0,included,os1_rev7_128ch20hz1024res_rtx
121,1461,001461,curated_forward_approach,apollo14_cone_crater_blocks_forward_02,120,432366689216,scans/001461.npy,poses/001461.npy,transforms/001461.npz,global_dem,756.3124559306326,-5486.986530526136,5.950732247006305,-0.009637869765096424,-0.07658250285670615,-0.0016154237297285674,0.9970153570175171,645.0,-5511.0,0.0,included,os1_rev7_128ch20hz1024res_rtx
122,1462,001462,curated_forward_approach,apollo14_cone_crater_blocks_forward_02,121,435500022713,scans/001462.npy,poses/001462.npy,transforms/001462.npz,global_dem,757.3177792727969,-5486.993491899431,6.107631861136614,-0.006058747459596271,-0.08625558301900782,-0.0024840465778769006,0.9962515222020345,645.0,-5511.0,0.0,included,os1_rev7_128ch20hz1024res_rtx
123,1463,001463,curated_forward_approach,apollo14_cone_crater_blocks_forward_02,122,438550022872,scans/001463.npy,poses/001463.npy,transforms/001463.npz,global_dem,758.3852971053501,-5486.979231813488,6.296186644248987,-0.009901195804864324,-0.0018675087566420983,-0.002110214111797399,0.9999470114606474,645.0,-5511.0,0.0,included,os1_rev7_128ch20hz1024res_rtx
124,1464,001464,curated_forward_approach,apollo14_cone_crater_blocks_forward_02,123,441783356374,scans/001464.npy,poses/001464.npy,transforms/001464.npz,global_dem,759.2877583038536,-5486.961638080083,6.436045190399572,-0.024951974031410213,-0.11073080728705205,-0.013115958937249912,0.9934505820274353,645.0,-5511.0,0.0,included,os1_rev7_128ch20hz1024res_rtx
125,1465,001465,curated_forward_approach,apollo14_cone_crater_blocks_forward_02,124,444850023200,scans/001465.npy,poses/001465.npy,transforms/001465.npz,global_dem,760.2953268429285,-5486.979586375883,6.611382988867894,-0.011042889371136568,-0.08564767682326668,-0.004415328802098884,0.9962545030867783,645.0,-5511.0,0.0,included,os1_rev7_128ch20hz1024res_rtx
126,1466,001466,curated_forward_approach,apollo14_cone_crater_blocks_forward_02,125,447933356694,scans/001466.npy,poses/001466.npy,transforms/001466.npz,global_dem,761.2928064167951,-5486.979311727894,6.780552313385716,-0.017124187316856835,-0.08103860945113747,-0.0014607062853199014,0.9965627789176712,645.0,-5511.0,0.0,included,os1_rev7_128ch20hz1024res_rtx
127,1467,001467,curated_forward_approach,apollo14_cone_crater_blocks_forward_02,126,451016690189,scans/001467.npy,poses/001467.npy,transforms/001467.npz,global_dem,762.2910456475938,-5486.975688952953,6.9435102694380335,-0.020981270373298472,-0.07842876556880056,-0.0028187491786285887,0.9966949230722231,645.0,-5511.0,0.0,included,os1_rev7_128ch20hz1024res_rtx
128,1468,001468,curated_forward_approach,apollo14_cone_crater_blocks_forward_02,127,454233357023,scans/001468.npy,poses/001468.npy,transforms/001468.npz,global_dem,763.3250169192447,-5486.9748385718885,7.100739675046247,-0.02836972256549447,-0.06969872792286103,0.006676007406299116,0.9971422551936123,645.0,-5511.0,0.0,included,os1_rev7_128ch20hz1024res_rtx
129,1469,001469,curated_forward_approach,apollo14_cone_crater_blocks_forward_02,128,457433357190,scans/001469.npy,poses/001469.npy,transforms/001469.npz,global_dem,764.337851882555,-5486.976068454824,7.234590136799477,-0.022203323255142102,-0.08230210934838242,0.0004863547253326887,0.9963599443435669,645.0,-5511.0,0.0,included,os1_rev7_128ch20hz1024res_rtx
130,1470,001470,curated_forward_approach,apollo14_cone_crater_blocks_forward_02,129,460600024022,scans/001470.npy,poses/001470.npy,transforms/001470.npz,global_dem,765.3704213687837,-5486.974019806549,7.377849469035882,-0.03631346061824175,-0.06947957721270272,-0.0027902471725840205,0.9969183193466692,645.0,-5511.0,0.0,included,os1_rev7_128ch20hz1024res_rtx
131,1471,001471,curated_forward_approach,apollo14_cone_crater_blocks_forward_02,130,463650024181,scans/001471.npy,poses/001471.npy,transforms/001471.npz,global_dem,766.3676169936417,-5486.967756167294,7.511491135305559,-0.03474368851739383,-0.065691915607867,-0.0031095929350128397,0.997230053078904,645.0,-5511.0,0.0,included,os1_rev7_128ch20hz1024res_rtx
132,1472,001472,curated_forward_approach,apollo14_cone_crater_blocks_forward_02,131,466766691010,scans/001472.npy,poses/001472.npy,transforms/001472.npz,global_dem,767.3904432366945,-5486.967908683667,7.636787163612888,-0.03200924202306701,-0.05848524129320221,-0.00440520590098509,0.9977652424979309,645.0,-5511.0,0.0,included,os1_rev7_128ch20hz1024res_rtx
133,1473,001473,curated_forward_approach,apollo14_cone_crater_blocks_forward_02,132,469833357837,scans/001473.npy,poses/001473.npy,transforms/001473.npz,global_dem,768.3959611470574,-5486.969421394994,7.749139261484426,-0.030370011425983237,-0.0561102057503515,-0.004493586131872889,0.9979524612426758,645.0,-5511.0,0.0,included,os1_rev7_128ch20hz1024res_rtx
134,1474,001474,curated_forward_approach,apollo14_cone_crater_blocks_forward_02,133,472966691333,scans/001474.npy,poses/001474.npy,transforms/001474.npz,global_dem,769.415861846703,-5486.970907245969,7.860253330607617,-0.023641227582540194,-0.05311187442573068,-0.0028523363745402825,0.9983046054840088,645.0,-5511.0,0.0,included,os1_rev7_128ch20hz1024res_rtx
135,1475,001475,curated_forward_approach,apollo14_cone_crater_blocks_forward_02,134,476050024827,scans/001475.npy,poses/001475.npy,transforms/001475.npz,global_dem,770.4136278084356,-5486.988432978989,7.967830500413707,-0.01052920173551496,-0.06105184025269918,-0.004389807081554964,0.9980694055557251,645.0,-5511.0,0.0,included,os1_rev7_128ch20hz1024res_rtx
136,1476,001476,curated_forward_approach,apollo14_cone_crater_blocks_forward_02,135,479183358324,scans/001476.npy,poses/001476.npy,transforms/001476.npz,global_dem,771.4130522919561,-5486.996631373934,8.102649860393752,-0.006127175205667425,-0.07613809879604731,-0.0005598213842213242,0.9970782989493554,645.0,-5511.0,0.0,included,os1_rev7_128ch20hz1024res_rtx
137,1477,001477,curated_forward_approach,apollo14_cone_crater_blocks_forward_02,136,484933358624,scans/001477.npy,poses/001477.npy,transforms/001477.npz,global_dem,772.3899744714547,-5486.996823066977,8.262595788427669,-0.007107170681204673,-0.09119026052571444,-7.051355730697679e-05,0.9958081238561969,645.0,-5511.0,0.0,included,os1_rev7_128ch20hz1024res_rtx
138,1478,001478,curated_forward_approach,apollo14_cone_crater_blocks_forward_02,137,489783358877,scans/001478.npy,poses/001478.npy,transforms/001478.npz,global_dem,773.3041541786316,-5487.244199931513,8.443136416830013,0.0033028958783911685,-0.13053117229016123,-0.23869378059289015,0.9622764587402344,645.0,-5511.0,0.0,included,os1_rev7_128ch20hz1024res_rtx
139,1479,001479,curated_forward_approach,apollo14_cone_crater_blocks_forward_02,138,493333359062,scans/001479.npy,poses/001479.npy,transforms/001479.npz,global_dem,773.9438141451094,-5488.001735520818,8.54361025175362,0.10204401280525412,-0.16058794069212173,-0.41051545689666696,0.8917822561611021,645.0,-5511.0,0.0,included,os1_rev7_128ch20hz1024res_rtx
140,1480,001480,curated_forward_approach,apollo14_cone_crater_blocks_forward_02,139,504950026335,scans/001480.npy,poses/001480.npy,transforms/001480.npz,global_dem,774.5400012635344,-5488.778043803031,8.844769127669089,0.030863306200104655,-0.1131291339378447,-0.4150716738036215,0.902199956212996,645.0,-5511.0,0.0,included,os1_rev7_128ch20hz1024res_rtx
141,1481,001481,curated_forward_approach,apollo14_cone_crater_blocks_forward_02,140,510200026609,scans/001481.npy,poses/001481.npy,transforms/001481.npz,global_dem,775.4641116611941,-5489.215328278601,9.006401384250124,-0.006357213430300081,-0.06387002113451447,-0.02325118016056287,0.997667073155579,645.0,-5511.0,0.0,included,os1_rev7_128ch20hz1024res_rtx
142,1482,001482,curated_forward_approach,apollo14_cone_crater_blocks_forward_02,141,513366693440,scans/001482.npy,poses/001482.npy,transforms/001482.npz,global_dem,776.4586238625625,-5489.093411299963,9.126234299831316,-0.012584305191670283,-0.06601377912774271,0.07531151747907414,0.994892954826355,645.0,-5511.0,0.0,included,os1_rev7_128ch20hz1024res_rtx
143,1483,001483,curated_forward_approach,apollo14_cone_crater_blocks_forward_02,142,516550026940,scans/001483.npy,poses/001483.npy,transforms/001483.npz,global_dem,777.452171670821,-5488.987772104033,9.269773756299506,-0.007161542454327093,-0.0845445924405873,0.02300900582691676,0.9961282597384671,645.0,-5511.0,0.0,included,os1_rev7_128ch20hz1024res_rtx
144,1484,001484,curated_forward_approach,apollo14_cone_crater_blocks_forward_02,143,519650027101,scans/001484.npy,poses/001484.npy,transforms/001484.npz,global_dem,778.4405055274792,-5488.9776371501175,9.432639441857233,0.0011662124127638715,-0.08673846216262697,-0.013480240523208287,0.9961392283439636,645.0,-5511.0,0.0,included,os1_rev7_128ch20hz1024res_rtx
145,1485,001485,curated_forward_approach,apollo14_cone_crater_blocks_forward_02,144,522783360598,scans/001485.npy,poses/001485.npy,transforms/001485.npz,global_dem,779.4611298030486,-5489.005561106508,9.59756765317509,0.005172466864887771,-0.08132500207719956,-0.00595624292067345,0.9966564166220699,645.0,-5511.0,0.0,included,os1_rev7_128ch20hz1024res_rtx
146,1486,001486,curated_forward_approach,apollo14_cone_crater_blocks_forward_02,145,525900027427,scans/001486.npy,poses/001486.npy,transforms/001486.npz,global_dem,780.463971005742,-5489.005970495998,9.758749299409565,0.0008406940698299149,-0.08794515621104743,-0.0002829382987578763,0.9961249232292175,645.0,-5511.0,0.0,included,os1_rev7_128ch20hz1024res_rtx
147,1487,001487,curated_forward_approach,apollo14_cone_crater_blocks_forward_02,146,529066694259,scans/001487.npy,poses/001487.npy,transforms/001487.npz,global_dem,781.4605459363681,-5489.001590655576,9.948219932817228,-0.0009308774261595111,-0.10605467998885963,-0.0007880982672118905,0.9943595512795155,645.0,-5511.0,0.0,included,os1_rev7_128ch20hz1024res_rtx
148,1488,001488,curated_forward_approach,apollo14_cone_crater_blocks_forward_02,147,532150027753,scans/001488.npy,poses/001488.npy,transforms/001488.npz,global_dem,782.4453163397777,-5488.9955791164675,10.161565887236037,-0.006162959806886498,-0.1054645264057594,-0.0019529945190925263,0.9944020501833432,645.0,-5511.0,0.0,included,os1_rev7_128ch20hz1024res_rtx
149,1489,001489,curated_forward_approach,apollo14_cone_crater_blocks_forward_02,148,535300027918,scans/001489.npy,poses/001489.npy,transforms/001489.npz,global_dem,783.4506355065046,-5488.992372245736,10.380918064971784,-0.01023690042319151,-0.10622708297496895,-0.0002847095750317928,0.9942891589737931,645.0,-5511.0,0.0,included,os1_rev7_128ch20hz1024res_rtx
150,1490,001490,curated_forward_approach,apollo14_cone_crater_blocks_forward_02,149,538466694749,scans/001490.npy,poses/001490.npy,transforms/001490.npz,global_dem,784.4605387228094,-5488.993333644493,10.603269427628359,-0.009780378759795106,-0.1043630460569976,-0.0031418940386646835,0.9944862127304077,645.0,-5511.0,0.0,included,os1_rev7_128ch20hz1024res_rtx
151,1491,001491,curated_forward_approach,apollo14_cone_crater_blocks_forward_02,150,541550028244,scans/001491.npy,poses/001491.npy,transforms/001491.npz,global_dem,785.4510577359393,-5488.996752682305,10.807043924691307,-0.009454908420433004,-0.09904301100186047,0.0018666959079012902,0.9950364828109741,645.0,-5511.0,0.0,included,os1_rev7_128ch20hz1024res_rtx
152,1492,001492,curated_forward_approach,apollo14_cone_crater_blocks_forward_02,151,544666695073,scans/001492.npy,poses/001492.npy,transforms/001492.npz,global_dem,786.451033676397,-5488.994172694579,10.999323529483615,-0.004860694716956448,-0.0956222626055593,0.003813520745796077,0.9953985199911558,645.0,-5511.0,0.0,included,os1_rev7_128ch20hz1024res_rtx
153,1493,001493,curated_forward_approach,apollo14_cone_crater_blocks_forward_02,152,547783361902,scans/001493.npy,poses/001493.npy,transforms/001493.npz,global_dem,787.4527763091679,-5488.991613216184,11.18755351312713,-0.002836660906041971,-0.09528906212108959,0.0008379503919167052,0.9954452500434808,645.0,-5511.0,0.0,included,os1_rev7_128ch20hz1024res_rtx
154,1494,001494,curated_forward_approach,apollo14_cone_crater_blocks_forward_02,153,550916695399,scans/001494.npy,poses/001494.npy,transforms/001494.npz,global_dem,788.4617511506432,-5488.977777580064,11.372717601385737,-0.008973816828296842,-0.09026331090728637,-0.009561119041150055,0.9958316074107448,645.0,-5511.0,0.0,included,os1_rev7_128ch20hz1024res_rtx
155,1495,001495,curated_forward_approach,apollo14_cone_crater_blocks_forward_02,154,554066695563,scans/001495.npy,poses/001495.npy,transforms/001495.npz,global_dem,789.4819763779533,-5488.989698145682,11.549031533948167,-0.009747465856787024,-0.08557039715847824,-0.006623059584933075,0.9962624298452921,645.0,-5511.0,0.0,included,os1_rev7_128ch20hz1024res_rtx
156,1496,001496,curated_forward_approach,apollo14_cone_crater_blocks_forward_02,155,557183362392,scans/001496.npy,poses/001496.npy,transforms/001496.npz,global_dem,790.4961308194479,-5488.992053323246,11.712506689424877,-0.012995293533076595,-0.07943454264113439,-0.001046131417343561,0.9967548251152039,645.0,-5511.0,0.0,included,os1_rev7_128ch20hz1024res_rtx
157,1497,001497,curated_forward_approach,apollo14_cone_crater_blocks_forward_02,156,560300029221,scans/001497.npy,poses/001497.npy,transforms/001497.npz,global_dem,791.5145972384942,-5488.9883807774795,11.863835416137057,-0.014960565430758063,-0.07111554780551234,-0.0006984504839323644,0.9973556399345398,645.0,-5511.0,0.0,included,os1_rev7_128ch20hz1024res_rtx
158,1498,001498,curated_forward_approach,apollo14_cone_crater_blocks_forward_02,157,563416696051,scans/001498.npy,poses/001498.npy,transforms/001498.npz,global_dem,792.5249376405873,-5488.981243733909,12.007795447563868,-0.017897072751434553,-0.07222498934021283,-0.002204730983820892,0.9972253430709757,645.0,-5511.0,0.0,included,os1_rev7_128ch20hz1024res_rtx
159,1499,001499,curated_forward_approach,apollo14_cone_crater_blocks_forward_02,158,566516696212,scans/001499.npy,poses/001499.npy,transforms/001499.npz,global_dem,793.5140255398549,-5488.979286063395,12.161633785489945,-0.018878050083353425,-0.08078950325780357,-0.0012332316732844865,0.9965516316418572,645.0,-5511.0,0.0,included,os1_rev7_128ch20hz1024res_rtx
160,1500,001500,curated_forward_approach,apollo14_cone_crater_blocks_forward_02,159,569616696374,scans/001500.npy,poses/001500.npy,transforms/001500.npz,global_dem,794.4986041983772,-5488.983489426318,12.324112488514857,-0.013321440425725741,-0.08462214280081772,0.003580809395321614,0.9963176250457764,645.0,-5511.0,0.0,included,os1_rev7_128ch20hz1024res_rtx
161,1501,001501,curated_forward_approach,apollo14_cone_crater_blocks_forward_02,160,572850029876,scans/001501.npy,poses/001501.npy,transforms/001501.npz,global_dem,795.5158100217254,-5488.969733478925,12.499864219460243,-0.021674638645412116,-0.0868226502898345,-0.00987487537361969,0.9959390163421631,645.0,-5511.0,0.0,included,os1_rev7_128ch20hz1024res_rtx
162,1502,001502,curated_forward_approach,apollo14_cone_crater_blocks_forward_02,161,579233363542,scans/001502.npy,poses/001502.npy,transforms/001502.npz,global_dem,796.5135878585855,-5488.962667985149,12.669966691659146,-0.03989516221760851,-0.08845286126613969,-0.012241210999680794,0.9952058179686879,645.0,-5511.0,0.0,included,os1_rev7_128ch20hz1024res_rtx
163,1503,001503,curated_forward_approach,apollo14_cone_crater_blocks_forward_02,162,583683363774,scans/001503.npy,poses/001503.npy,transforms/001503.npz,global_dem,797.455074990314,-5489.28019080127,12.863649245696285,-0.01851540979138299,-0.09885598030211411,-0.3139548183122658,0.9440958885713238,645.0,-5511.0,0.0,included,os1_rev7_128ch20hz1024res_rtx
164,1504,001504,curated_forward_approach,apollo14_cone_crater_blocks_forward_02,163,587033363949,scans/001504.npy,poses/001504.npy,transforms/001504.npz,global_dem,798.1523353877491,-5490.032735647082,13.038610294976053,0.00022974920315970795,-0.07435426210200549,-0.43212234453608606,0.8987444966592041,645.0,-5511.0,0.0,included,os1_rev7_128ch20hz1024res_rtx
165,1505,001505,curated_forward_approach,apollo14_cone_crater_blocks_forward_02,164,590133364111,scans/001505.npy,poses/001505.npy,transforms/001505.npz,global_dem,798.7891748082674,-5490.833600551593,13.161694813491083,0.015490315762169443,-0.07154861794955883,-0.4013138687519233,0.9130104184150696,645.0,-5511.0,0.0,included,os1_rev7_128ch20hz1024res_rtx
166,1506,001506,curated_forward_approach,apollo14_cone_crater_blocks_forward_02,165,593233364272,scans/001506.npy,poses/001506.npy,transforms/001506.npz,global_dem,799.4666731796812,-5491.566348657955,13.278957397543307,0.025466408600636464,-0.08642382407436455,-0.3740970246099562,0.9230026006698608,645.0,-5511.0,0.0,included,os1_rev7_128ch20hz1024res_rtx
167,1507,001507,curated_forward_approach,apollo14_cone_crater_blocks_forward_02,166,596833364460,scans/001507.npy,poses/001507.npy,transforms/001507.npz,global_dem,800.1714792323805,-5492.278724977434,13.420612124744286,0.03543535376791361,-0.09803200411447706,-0.3684593960955759,0.9237812161445618,645.0,-5511.0,0.0,included,os1_rev7_128ch20hz1024res_rtx
168,1508,001508,curated_forward_approach,apollo14_cone_crater_blocks_forward_02,167,603233364794,scans/001508.npy,poses/001508.npy,transforms/001508.npz,global_dem,800.9328210951752,-5492.936402056335,13.58892089878374,0.016598011782098597,-0.10265557458364084,-0.23386064120268923,0.9666930947865775,645.0,-5511.0,0.0,included,os1_rev7_128ch20hz1024res_rtx
169,1509,001509,curated_forward_approach,apollo14_cone_crater_blocks_forward_02,168,606966698322,scans/001509.npy,poses/001509.npy,transforms/001509.npz,global_dem,801.92467838996,-5493.121168189675,13.787890939002123,-0.0001873405867789817,-0.10412787648708259,0.0009960620244375703,0.9945634007453918,645.0,-5511.0,0.0,included,os1_rev7_128ch20hz1024res_rtx
170,1510,001510,curated_forward_approach,apollo14_cone_crater_blocks_forward_02,169,610116698486,scans/001510.npy,poses/001510.npy,transforms/001510.npz,global_dem,802.9153157892221,-5493.069623726448,13.98313845540616,0.013073641903156887,-0.11114532494169871,0.04440074052425799,0.9927257279187891,645.0,-5511.0,0.0,included,os1_rev7_128ch20hz1024res_rtx
171,1511,001511,curated_forward_approach,apollo14_cone_crater_blocks_forward_02,170,613316698653,scans/001511.npy,poses/001511.npy,transforms/001511.npz,global_dem,803.9443263754234,-5492.993936711441,14.185480193529006,-0.0006894877280434619,-0.10225430115417507,0.008600141651914363,0.9947208754548741,645.0,-5511.0,0.0,included,os1_rev7_128ch20hz1024res_rtx
172,1512,001512,curated_forward_approach,apollo14_cone_crater_blocks_forward_02,171,616400032147,scans/001512.npy,poses/001512.npy,transforms/001512.npz,global_dem,804.9248989024969,-5492.968237410051,14.381257053753254,-0.021903175211665987,-0.1084079664096914,-0.004293374599481425,0.9938558902925066,645.0,-5511.0,0.0,included,os1_rev7_128ch20hz1024res_rtx
173,1513,001513,curated_forward_approach,apollo14_cone_crater_blocks_forward_02,172,620066699005,scans/001513.npy,poses/001513.npy,transforms/001513.npz,global_dem,805.9098587716506,-5492.9597002001665,14.60551117958029,-0.03216482309940924,-0.1102477551445996,-0.009462871751239698,0.9933384673407044,645.0,-5511.0,0.0,included,os1_rev7_128ch20hz1024res_rtx
174,1514,001514,curated_forward_approach,apollo14_cone_crater_blocks_forward_02,173,626633366014,scans/001514.npy,poses/001514.npy,transforms/001514.npz,global_dem,806.911169611989,-5493.003126387171,14.822944251452574,-0.03211835113046849,-0.09438479520241215,-0.11637409073625288,0.9881887435913086,645.0,-5511.0,0.0,included,os1_rev7_128ch20hz1024res_rtx
175,1515,001515,curated_forward_approach,apollo14_cone_crater_blocks_forward_02,174,630216699535,scans/001515.npy,poses/001515.npy,transforms/001515.npz,global_dem,807.6915708713464,-5493.620771683828,15.012324588314158,0.0072210899310651494,-0.11039131671620825,-0.3941787593444928,0.912351203613776,645.0,-5511.0,0.0,included,os1_rev7_128ch20hz1024res_rtx
176,1516,001516,curated_forward_approach,apollo14_cone_crater_blocks_forward_02,175,633416699701,scans/001516.npy,poses/001516.npy,transforms/001516.npz,global_dem,808.3527456889401,-5494.38515102143,15.213846995315938,0.00725987251730786,-0.11842786956066308,-0.39928798930825765,0.9091156337653223,645.0,-5511.0,0.0,included,os1_rev7_128ch20hz1024res_rtx
177,1517,001517,curated_forward_approach,apollo14_cone_crater_blocks_forward_02,176,636466699860,scans/001517.npy,poses/001517.npy,transforms/001517.npz,global_dem,809.0881983619931,-5495.1377861781075,15.385729004970145,0.0090992634895982,-0.054838451183322395,-0.38018060018661987,0.9232403039932252,645.0,-5511.0,0.0,included,os1_rev7_128ch20hz1024res_rtx
178,1518,001518,curated_forward_approach,apollo14_cone_crater_blocks_forward_02,177,639533366687,scans/001518.npy,poses/001518.npy,transforms/001518.npz,global_dem,809.8315196937416,-5495.843253096362,15.444505954649111,-0.0042649202195570775,-0.03140564939509297,-0.3864776669872335,0.9217540390807617,645.0,-5511.0,0.0,included,os1_rev7_128ch20hz1024res_rtx
179,1519,001519,curated_forward_approach,apollo14_cone_crater_blocks_forward_02,178,642733366854,scans/001519.npy,poses/001519.npy,transforms/001519.npz,global_dem,810.534486427885,-5496.534275324428,15.538524575348,-0.032634657838724844,-0.07554849225320456,-0.3791536531045817,0.9216669201850891,645.0,-5511.0,0.0,included,os1_rev7_128ch20hz1024res_rtx
180,1520,001520,curated_forward_approach,apollo14_cone_crater_blocks_forward_02,179,645900033686,scans/001520.npy,poses/001520.npy,transforms/001520.npz,global_dem,811.2403138368866,-5497.237748880063,15.708093359663426,-0.03700473415803425,-0.09422792783948204,-0.3818030542937991,0.9186828478843484,645.0,-5511.0,0.0,included,os1_rev7_128ch20hz1024res_rtx
181,1521,001521,curated_forward_approach,apollo14_cone_crater_blocks_forward_02,180,649016700515,scans/001521.npy,poses/001521.npy,transforms/001521.npz,global_dem,811.9326486801724,-5497.919374937028,15.909898534582394,-0.05166351929004967,-0.10015038720367503,-0.3816991280435327,0.9173911686779678,645.0,-5511.0,0.0,included,os1_rev7_128ch20hz1024res_rtx
182,1522,001522,curated_forward_approach,apollo14_cone_crater_blocks_forward_02,181,655433367516,scans/001522.npy,poses/001522.npy,transforms/001522.npz,global_dem,812.6502435268895,-5498.652392667269,16.112714631627874,-0.032767246270123104,-0.0889930695963967,-0.37214014653131305,0.9233191498476228,645.0,-5511.0,0.0,included,os1_rev7_128ch20hz1024res_rtx
183,1523,001523,curated_forward_approach,apollo14_cone_crater_blocks_forward_02,182,659066701039,scans/001523.npy,poses/001523.npy,transforms/001523.npz,global_dem,813.5682726107008,-5499.032171901528,16.270009837714614,-0.04011374870087816,-0.06845517640513253,-0.04878452332579794,0.9956529748222418,645.0,-5511.0,0.0,included,os1_rev7_128ch20hz1024res_rtx
184,1524,001524,curated_forward_approach,apollo14_cone_crater_blocks_forward_02,183,662233367871,scans/001524.npy,poses/001524.npy,transforms/001524.npz,global_dem,814.606790291306,-5499.009125390107,16.383402204750354,-0.03468833682288763,-0.04909510734882463,0.030404214907891063,0.9977284066511809,645.0,-5511.0,0.0,included,os1_rev7_128ch20hz1024res_rtx
185,1525,001525,curated_forward_approach,apollo14_cone_crater_blocks_forward_02,184,665366701368,scans/001525.npy,poses/001525.npy,transforms/001525.npz,global_dem,815.6593001307242,-5498.959587891724,16.454439962346264,-0.026841013058156744,-0.024156517440045284,0.010267132241576347,0.9992950558662415,645.0,-5511.0,0.0,included,os1_rev7_128ch20hz1024res_rtx
186,1526,001526,curated_forward_approach,apollo14_cone_crater_blocks_forward_02,185,668550034867,scans/001526.npy,poses/001526.npy,transforms/001526.npz,global_dem,816.6692284835049,-5498.977466344482,16.50832801851004,-0.009275271572129113,-0.05520254448096634,-0.0035168051079307295,0.9984259013576937,645.0,-5511.0,0.0,included,os1_rev7_128ch20hz1024res_rtx
187,1527,001527,curated_forward_approach,apollo14_cone_crater_blocks_forward_02,186,671800035037,scans/001527.npy,poses/001527.npy,transforms/001527.npz,global_dem,817.6732584817839,-5498.970650430072,16.656225294887996,-0.022122844245441472,-0.09027917511106794,-0.014058872917502364,0.9955714933625042,645.0,-5511.0,0.0,included,os1_rev7_128ch20hz1024res_rtx
188,1528,001528,curated_forward_approach,apollo14_cone_crater_blocks_forward_02,187,674900035198,scans/001528.npy,poses/001528.npy,transforms/001528.npz,global_dem,818.6739393559283,-5498.964217057497,16.844415066778044,-0.03667080286706407,-0.08264977734521033,-0.0097893731322811,0.9958556294441223,645.0,-5511.0,0.0,included,os1_rev7_128ch20hz1024res_rtx
189,1529,001529,curated_forward_approach,apollo14_cone_crater_blocks_forward_02,188,678100035365,scans/001529.npy,poses/001529.npy,transforms/001529.npz,global_dem,819.6836980461107,-5498.956148619908,16.98664890287163,-0.044569615611087236,-0.06055362606756645,-0.012678879389661234,0.9970887893020218,645.0,-5511.0,0.0,included,os1_rev7_128ch20hz1024res_rtx
190,1530,001530,curated_forward_approach,apollo14_cone_crater_blocks_forward_02,189,684583369037,scans/001530.npy,poses/001530.npy,transforms/001530.npz,global_dem,820.696860274501,-5498.970567904416,17.10777195844163,-0.04308680343625124,-0.06485177531745645,-0.048383785985843586,0.9957895278930664,645.0,-5511.0,0.0,included,os1_rev7_128ch20hz1024res_rtx
191,1531,001531,curated_forward_approach,apollo14_cone_crater_blocks_forward_02,190,688483369240,scans/001531.npy,poses/001531.npy,transforms/001531.npz,global_dem,821.5835304307703,-5499.404555491369,17.255843942541166,-0.028326808147875606,-0.07953430412995931,-0.3695340090578395,0.92537370967429,645.0,-5511.0,0.0,included,os1_rev7_128ch20hz1024res_rtx
192,1532,001532,curated_forward_approach,apollo14_cone_crater_blocks_forward_02,191,691600036069,scans/001532.npy,poses/001532.npy,transforms/001532.npz,global_dem,822.2391306451345,-5500.145289452003,17.4197245946471,-0.026700804207923912,-0.07731307195030573,-0.42255138899303774,0.9026406148741101,645.0,-5511.0,0.0,included,os1_rev7_128ch20hz1024res_rtx
193,1533,001533,curated_forward_approach,apollo14_cone_crater_blocks_forward_02,192,694716702898,scans/001533.npy,poses/001533.npy,transforms/001533.npz,global_dem,822.8785502729111,-5500.896812445187,17.590580699492488,-0.022159840509948285,-0.07869083998124093,-0.3937652736429762,0.9155684586334834,645.0,-5511.0,0.0,included,os1_rev7_128ch20hz1024res_rtx
194,1534,001534,curated_forward_approach,apollo14_cone_crater_blocks_forward_02,193,697816703060,scans/001534.npy,poses/001534.npy,transforms/001534.npz,global_dem,823.598676780502,-5501.605843634481,17.744092634445938,-0.03329380571560231,-0.061982185355438944,-0.3825818388349343,0.9212387680689607,645.0,-5511.0,0.0,included,os1_rev7_128ch20hz1024res_rtx
195,1535,001535,curated_forward_approach,apollo14_cone_crater_blocks_forward_02,194,701650036593,scans/001535.npy,poses/001535.npy,transforms/001535.npz,global_dem,824.3095352395991,-5502.309965776569,17.88924753800599,-0.033419412855560264,-0.06241528059295097,-0.379232126489436,0.9225890037450009,645.0,-5511.0,0.0,included,os1_rev7_128ch20hz1024res_rtx
196,1536,001536,curated_forward_approach,apollo14_cone_crater_blocks_forward_02,195,707766703579,scans/001536.npy,poses/001536.npy,transforms/001536.npz,global_dem,825.0903489117717,-5502.942341038554,18.032216369101896,-0.03920412172114741,-0.0709169218669857,-0.21012218583512213,0.9743112921714783,645.0,-5511.0,0.0,included,os1_rev7_128ch20hz1024res_rtx
197,1537,001537,curated_forward_approach,apollo14_cone_crater_blocks_forward_02,196,712016703801,scans/001537.npy,poses/001537.npy,transforms/001537.npz,global_dem,826.0779615640893,-5503.031188604056,18.162113605537353,-0.05313652424061561,-0.06852763670292565,0.01658269735239074,0.9960951194278874,645.0,-5511.0,0.0,included,os1_rev7_128ch20hz1024res_rtx
198,1538,001538,curated_forward_approach,apollo14_cone_crater_blocks_forward_02,197,718433370802,scans/001538.npy,poses/001538.npy,transforms/001538.npz,global_dem,827.0796687756782,-5503.062446333706,18.308664441069666,-0.04034429517495888,-0.08644366109697715,-0.17303044775830875,0.9802858233451843,645.0,-5511.0,0.0,included,os1_rev7_128ch20hz1024res_rtx
199,1539,001539,curated_forward_approach,apollo14_cone_crater_blocks_forward_02,198,722316704338,scans/001539.npy,poses/001539.npy,transforms/001539.npz,global_dem,827.8696674538717,-5503.651070073286,18.50135731573556,-0.024817927291623642,-0.10022410469562679,-0.366107885392186,0.9248265867591446,645.0,-5511.0,0.0,included,os1_rev7_128ch20hz1024res_rtx
200,1540,001540,curated_forward_approach,apollo14_cone_crater_blocks_forward_02,199,727250037929,scans/001540.npy,poses/001540.npy,transforms/001540.npz,global_dem,828.5127215317019,-5504.415405841557,18.704747821151475,-0.011224083971655517,-0.09920889827081127,-0.4327191533041259,0.8959831185946806,645.0,-5511.0,0.0,included,os1_rev7_128ch20hz1024res_rtx
201,1541,001541,curated_forward_approach,apollo14_cone_crater_blocks_forward_02,200,732950038226,scans/001541.npy,poses/001541.npy,transforms/001541.npz,global_dem,829.2735366595855,-5505.068929420453,18.896995670508616,-0.024120155625505138,-0.09194020825751396,-0.15436747938982812,0.9834306775289234,645.0,-5511.0,0.0,included,os1_rev7_128ch20hz1024res_rtx
202,1542,001542,curated_forward_approach,apollo14_cone_crater_blocks_forward_02,201,738050038492,scans/001542.npy,poses/001542.npy,transforms/001542.npz,global_dem,830.2642054857657,-5505.0516260312415,19.06662815750577,-0.05631024890524058,-0.081588906841289,0.047494115066830586,0.993939995765686,645.0,-5511.0,0.0,included,os1_rev7_128ch20hz1024res_rtx
203,1543,001543,curated_forward_approach,apollo14_cone_crater_blocks_forward_02,202,743933372132,scans/001543.npy,poses/001543.npy,transforms/001543.npz,global_dem,831.2756565770155,-5505.1213457694885,19.242691638683926,-0.039604596724588124,-0.08761017844963334,-0.21776214436873148,0.9712546427329127,645.0,-5511.0,0.0,included,os1_rev7_128ch20hz1024res_rtx
204,1544,001544,curated_forward_approach,apollo14_cone_crater_blocks_forward_02,203,747950039008,scans/001544.npy,poses/001544.npy,transforms/001544.npz,global_dem,832.0429250554165,-5505.7713734235485,19.43289573856061,-0.025065915880969094,-0.09151800853352128,-0.447512796591003,0.8892291329361663,645.0,-5511.0,0.0,included,os1_rev7_128ch20hz1024res_rtx
205,1545,001545,curated_forward_approach,apollo14_cone_crater_blocks_forward_02,204,751100039172,scans/001545.npy,poses/001545.npy,transforms/001545.npz,global_dem,832.6270026640334,-5506.582951830445,19.610007231699576,-0.025819695256706684,-0.09378363156563313,-0.43373832129110673,0.8957728743553163,645.0,-5511.0,0.0,included,os1_rev7_128ch20hz1024res_rtx
206,1546,001546,curated_forward_approach,apollo14_cone_crater_blocks_forward_02,205,754283372672,scans/001546.npy,poses/001546.npy,transforms/001546.npz,global_dem,833.2962935202559,-5507.32991095244,19.804189956758034,-0.032483367428995054,-0.0971841868791601,-0.3822147826929638,0.9183746101412429,645.0,-5511.0,0.0,included,os1_rev7_128ch20hz1024res_rtx
207,1547,001547,curated_forward_approach,apollo14_cone_crater_blocks_forward_02,206,757350039498,scans/001547.npy,poses/001547.npy,transforms/001547.npz,global_dem,834.0086401355546,-5508.029230884584,19.994474949371494,-0.030158493215541753,-0.0857691033309204,-0.3770837550014877,0.9217060094817415,645.0,-5511.0,0.0,included,os1_rev7_128ch20hz1024res_rtx
208,1548,001548,curated_forward_approach,apollo14_cone_crater_blocks_forward_02,207,760433372993,scans/001548.npy,poses/001548.npy,transforms/001548.npz,global_dem,834.7337442548587,-5508.743083088872,20.152254028031575,-0.02524563669869273,-0.07228639281483158,-0.37793662460944594,0.9226598739624023,645.0,-5511.0,0.0,included,os1_rev7_128ch20hz1024res_rtx
209,1549,001549,curated_forward_approach,apollo14_cone_crater_blocks_forward_02,208,763500039819,scans/001549.npy,poses/001549.npy,transforms/001549.npz,global_dem,835.4354498254113,-5509.466719385277,20.296640108993913,-0.006412566413403233,-0.06638278397884731,-0.37661192381019065,0.9239673499789907,645.0,-5511.0,0.0,included,os1_rev7_128ch20hz1024res_rtx
210,1550,001550,curated_forward_approach,apollo14_cone_crater_blocks_forward_02,209,766566706646,scans/001550.npy,poses/001550.npy,transforms/001550.npz,global_dem,836.1464513644999,-5510.161467170021,20.42845042829832,-0.01495708302061077,-0.06778155646840506,-0.3787458394954003,0.9228941084085213,645.0,-5511.0,0.0,included,os1_rev7_128ch20hz1024res_rtx
211,1551,001551,curated_forward_approach,apollo14_cone_crater_blocks_forward_02,210,769633373472,scans/001551.npy,poses/001551.npy,transforms/001551.npz,global_dem,836.8517040445106,-5510.850973095322,20.569261462461018,-0.03137700585217758,-0.07012824057783193,-0.38173847891426055,0.9210717925837469,645.0,-5511.0,0.0,included,os1_rev7_128ch20hz1024res_rtx
212,1552,001552,curated_forward_approach,apollo14_cone_crater_blocks_forward_02,211,772700040299,scans/001552.npy,poses/001552.npy,transforms/001552.npz,global_dem,837.5721949874,-5511.560447933288,20.709396033239017,-0.03524473444483652,-0.05657476999430717,-0.3843072895307257,0.9207958575642873,645.0,-5511.0,0.0,included,os1_rev7_128ch20hz1024res_rtx
213,1553,001553,curated_forward_approach,apollo14_cone_crater_blocks_forward_02,212,775750040458,scans/001553.npy,poses/001553.npy,transforms/001553.npz,global_dem,838.283813117716,-5512.272513346713,20.830592332268324,-0.0316429027882988,-0.04768043238860282,-0.3837863427095511,0.9216470833350439,645.0,-5511.0,0.0,included,os1_rev7_128ch20hz1024res_rtx
214,1554,001554,curated_forward_approach,apollo14_cone_crater_blocks_forward_02,213,778800040617,scans/001554.npy,poses/001554.npy,transforms/001554.npz,global_dem,838.9777891310795,-5512.968495414629,20.941556094802714,-0.0362901413557532,-0.061764609843598606,-0.38420396434944554,0.9204648132272182,645.0,-5511.0,0.0,included,os1_rev7_128ch20hz1024res_rtx
215,1555,001555,curated_forward_approach,apollo14_cone_crater_blocks_forward_02,214,781966707449,scans/001555.npy,poses/001555.npy,transforms/001555.npz,global_dem,839.7047412784879,-5513.687425673829,21.08548875441531,-0.0442519769742676,-0.06568082391461756,-0.3845563388526064,0.9196978928713739,645.0,-5511.0,0.0,included,os1_rev7_128ch20hz1024res_rtx
216,1556,001556,curated_forward_approach,apollo14_cone_crater_blocks_forward_02,215,786216707671,scans/001556.npy,poses/001556.npy,transforms/001556.npz,global_dem,840.4086112953196,-5514.404045448131,21.232210323260077,-0.03074955392312852,-0.05838086181171897,-0.3816051868633051,0.9219672560707737,645.0,-5511.0,0.0,included,os1_rev7_128ch20hz1024res_rtx
217,1557,001557,curated_forward_approach,apollo14_cone_crater_blocks_forward_02,216,791533374615,scans/001557.npy,poses/001557.npy,transforms/001557.npz,global_dem,841.2112109960743,-5515.01971542106,21.33532146263589,-0.011345323755328617,-0.04848755067486832,-0.18048841794740397,0.982315719127655,645.0,-5511.0,0.0,included,os1_rev7_128ch20hz1024res_rtx
218,1558,001558,curated_forward_approach,apollo14_cone_crater_blocks_forward_02,217,794883374789,scans/001558.npy,poses/001558.npy,transforms/001558.npz,global_dem,842.218317375276,-5515.082438561534,21.428084911554006,-0.023507135652704597,-0.057881399275971315,0.03769110664825216,0.997334717469963,645.0,-5511.0,0.0,included,os1_rev7_128ch20hz1024res_rtx
219,1559,001559,curated_forward_approach,apollo14_cone_crater_blocks_forward_02,218,797966708283,scans/001559.npy,poses/001559.npy,transforms/001559.npz,global_dem,843.2172092418316,-5514.978970406211,21.525437998176578,-0.03894409088394319,-0.060276532727578394,0.020160634736488242,0.9972179532051086,645.0,-5511.0,0.0,included,os1_rev7_128ch20hz1024res_rtx
220,1560,001560,curated_forward_approach,apollo14_cone_crater_blocks_forward_02,219,802450041851,scans/001560.npy,poses/001560.npy,transforms/001560.npz,global_dem,844.2106521035071,-5514.940630620363,21.641194479185675,-0.046990881035023656,-0.0638680896089038,-0.00658901266026547,0.996829628944397,645.0,-5511.0,0.0,included,os1_rev7_128ch20hz1024res_rtx
221,1561,001561,curated_forward_approach,apollo14_cone_crater_blocks_forward_02,220,808183375483,scans/001561.npy,poses/001561.npy,transforms/001561.npz,global_dem,845.2072371649019,-5515.08648003056,21.780626371536343,-0.045718026435241095,-0.06813627302993482,-0.23971123227102017,0.9673705781548071,645.0,-5511.0,0.0,included,os1_rev7_128ch20hz1024res_rtx
222,1562,001562,curated_forward_approach,apollo14_cone_crater_blocks_forward_02,221,811516708990,scans/001562.npy,poses/001562.npy,transforms/001562.npz,global_dem,845.9396301601976,-5515.793172131157,21.952946716858218,-0.036566261328686886,-0.06831432078905325,-0.42325530892436136,0.9026909801116415,645.0,-5511.0,0.0,included,os1_rev7_128ch20hz1024res_rtx
223,1563,001563,curated_forward_approach,apollo14_cone_crater_blocks_forward_02,222,814616709152,scans/001563.npy,poses/001563.npy,transforms/001563.npz,global_dem,846.5853583033013,-5516.55884781989,22.103517792367327,-0.035383404889277194,-0.069448094368056,-0.4078094050589739,0.9097342831797276,645.0,-5511.0,0.0,included,os1_rev7_128ch20hz1024res_rtx
224,1564,001564,curated_forward_approach,apollo14_cone_crater_blocks_forward_02,223,817700042646,scans/001564.npy,poses/001564.npy,transforms/001564.npz,global_dem,847.2520198336991,-5517.282689161369,22.26154870151238,-0.028011638795460755,-0.08719672133165568,-0.3819852244420626,0.9196191430091858,645.0,-5511.0,0.0,included,os1_rev7_128ch20hz1024res_rtx
225,1565,001565,curated_forward_approach,apollo14_cone_crater_blocks_forward_02,224,820833376143,scans/001565.npy,poses/001565.npy,transforms/001565.npz,global_dem,847.9593694421075,-5517.986515765751,22.45044015897217,-0.023988173556241353,-0.09807116841624886,-0.3761265516955368,0.9210512638092041,645.0,-5511.0,0.0,included,os1_rev7_128ch20hz1024res_rtx
226,1566,001566,curated_forward_approach,apollo14_cone_crater_blocks_forward_02,225,823950042972,scans/001566.npy,poses/001566.npy,transforms/001566.npz,global_dem,848.6768733034485,-5518.692335657273,22.642309408491442,-0.021791677742342988,-0.09117675997162997,-0.3761104166239525,0.9218204140336699,645.0,-5511.0,0.0,included,os1_rev7_128ch20hz1024res_rtx
227,1567,001567,curated_forward_approach,apollo14_cone_crater_blocks_forward_02,226,827066709801,scans/001567.npy,poses/001567.npy,transforms/001567.npz,global_dem,849.4009702420402,-5519.40369991094,22.816047771068597,-0.024156287111698153,-0.08189566176451209,-0.38213669239029247,0.9201527713951292,645.0,-5511.0,0.0,included,os1_rev7_128ch20hz1024res_rtx
228,1568,001568,curated_forward_approach,apollo14_cone_crater_blocks_forward_02,227,830183376630,scans/001568.npy,poses/001568.npy,transforms/001568.npz,global_dem,850.0761680098121,-5520.09666590572,22.982890328477865,-0.03114807677964032,-0.1118130509901162,-0.38265571778394986,0.9165709141078292,645.0,-5511.0,0.0,included,os1_rev7_128ch20hz1024res_rtx
229,1569,001569,curated_forward_approach,apollo14_cone_crater_blocks_forward_02,228,833283376792,scans/001569.npy,poses/001569.npy,transforms/001569.npz,global_dem,850.7996544696582,-5520.824973004685,23.151991903984534,-0.01740590692279891,-0.07778667783278688,-0.37599812967439744,0.9231856116931677,645.0,-5511.0,0.0,included,os1_rev7_128ch20hz1024res_rtx
230,1570,001570,curated_forward_approach,apollo14_cone_crater_blocks_forward_02,229,836483376959,scans/001570.npy,poses/001570.npy,transforms/001570.npz,global_dem,851.5311285440466,-5521.449632382244,23.276492365701653,-0.08561577698678202,-0.11300221129772337,-0.3854714483653719,0.9117632376159267,645.0,-5511.0,0.0,included,os1_rev7_128ch20hz1024res_rtx
231,1571,001571,curated_forward_approach,apollo14_cone_crater_blocks_forward_02,230,839450043780,scans/001571.npy,poses/001571.npy,transforms/001571.npz,global_dem,852.2415249866464,-5522.256992546684,23.384633168385722,0.002925974954412561,-0.047584420020961235,-0.3838511543480964,0.922163463246874,645.0,-5511.0,0.0,included,os1_rev7_128ch20hz1024res_rtx
232,1572,001572,curated_forward_approach,apollo14_cone_crater_blocks_forward_02,231,842616710612,scans/001572.npy,poses/001572.npy,transforms/001572.npz,global_dem,852.9456351420804,-5522.953106399508,23.48831905985428,-0.014539081307515689,-0.07277273125138543,-0.388484583931164,0.9184620148644023,645.0,-5511.0,0.0,included,os1_rev7_128ch20hz1024res_rtx
233,1573,001573,curated_forward_approach,apollo14_cone_crater_blocks_forward_02,232,845766710776,scans/001573.npy,poses/001573.npy,transforms/001573.npz,global_dem,853.6702418760224,-5523.70235992366,23.604766526167534,-0.0065417739933820085,-0.0632255107952373,-0.3825305587358137,0.9217538237571716,645.0,-5511.0,0.0,included,os1_rev7_128ch20hz1024res_rtx
234,1574,001574,curated_forward_approach,apollo14_cone_crater_blocks_forward_02,233,848866710938,scans/001574.npy,poses/001574.npy,transforms/001574.npz,global_dem,854.3780208183839,-5524.416690170663,23.732293014712262,-0.00455819103330276,-0.07194069173342618,-0.3792426907525538,0.9224850900031842,645.0,-5511.0,0.0,included,os1_rev7_128ch20hz1024res_rtx
235,1575,001575,curated_forward_approach,apollo14_cone_crater_blocks_forward_02,234,851950044432,scans/001575.npy,poses/001575.npy,transforms/001575.npz,global_dem,855.0909132109617,-5525.128129320308,23.860204351349115,-0.0005946570107574761,-0.0717793893807842,-0.37691396617240014,0.9234626293182373,645.0,-5511.0,0.0,included,os1_rev7_128ch20hz1024res_rtx
236,1576,001576,curated_forward_approach,apollo14_cone_crater_blocks_forward_02,235,855116711264,scans/001576.npy,poses/001576.npy,transforms/001576.npz,global_dem,855.8103666546792,-5525.847842500789,23.998590499949124,-0.001324533988891314,-0.08449831257879319,-0.37936994528772855,0.9213776236665587,645.0,-5511.0,0.0,included,os1_rev7_128ch20hz1024res_rtx
237,1577,001577,curated_forward_approach,apollo14_cone_crater_blocks_forward_02,236,858300044763,scans/001577.npy,poses/001577.npy,transforms/001577.npz,global_dem,856.5120980737631,-5526.559605472132,24.17243008712721,-0.009302995251431053,-0.1082748823474974,-0.37561179000102757,0.9203835001477435,645.0,-5511.0,0.0,included,os1_rev7_128ch20hz1024res_rtx
238,1578,001578,curated_forward_approach,apollo14_cone_crater_blocks_forward_02,237,861466711595,scans/001578.npy,poses/001578.npy,transforms/001578.npz,global_dem,857.2431334869498,-5527.263252013243,24.373542868078903,-0.025421535258837825,-0.09815487779183898,-0.3729741386411479,0.9222850196200991,645.0,-5511.0,0.0,included,os1_rev7_128ch20hz1024res_rtx
239,1579,001579,curated_forward_approach,apollo14_cone_crater_blocks_forward_02,238,864666711762,scans/001579.npy,poses/001579.npy,transforms/001579.npz,global_dem,857.9752001349975,-5527.969333252678,24.568879963287465,-0.034487575002814345,-0.0856392757953386,-0.37806282036503336,0.9211650370423922,645.0,-5511.0,0.0,included,os1_rev7_128ch20hz1024res_rtx
240,1580,001580,curated_forward_approach,apollo14_cone_crater_blocks_forward_02,239,871083378763,scans/001580.npy,poses/001580.npy,transforms/001580.npz,global_dem,858.6640319695571,-5528.668291701793,24.749861098360228,-0.031602048921469825,-0.09742239173730437,-0.38315940324885756,0.9179864159093682,645.0,-5511.0,0.0,included,os1_rev7_128ch20hz1024res_rtx
241,1581,001581,curated_forward_approach,apollo14_cone_crater_blocks_forward_02,240,874933378964,scans/001581.npy,poses/001581.npy,transforms/001581.npz,global_dem,858.9809212286367,-5529.598942989644,24.907053978753318,0.01607956698099151,-0.09870664747236273,-0.6688347412280501,0.7366536052968707,645.0,-5511.0,0.0,included,os1_rev7_128ch20hz1024res_rtx
242,1582,001582,curated_forward_approach,apollo14_cone_crater_blocks_forward_02,241,881283379295,scans/001582.npy,poses/001582.npy,transforms/001582.npz,global_dem,858.9459836882357,-5530.59458744694,25.010352908040474,0.025946792829653054,-0.0995461236357311,-0.7357110232135613,0.6694375426677306,645.0,-5511.0,0.0,included,os1_rev7_128ch20hz1024res_rtx
243,1583,001583,curated_forward_approach,apollo14_cone_crater_blocks_forward_02,242,884750046143,scans/001583.npy,poses/001583.npy,transforms/001583.npz,global_dem,858.4866302028772,-5531.4885247603415,25.02845191359117,-0.04345322706066133,0.07708410003063924,0.9031426059921062,-0.42012294845945786,645.0,-5511.0,0.0,included,os1_rev7_128ch20hz1024res_rtx
244,1584,001584,curated_forward_approach,apollo14_cone_crater_blocks_forward_02,243,888100046318,scans/001584.npy,poses/001584.npy,transforms/001584.npz,global_dem,857.7686156006791,-5532.203465987,24.98876780815296,-0.05541136279055157,0.05982026282920281,0.9286816827021885,-0.36180305311339017,645.0,-5511.0,0.0,included,os1_rev7_128ch20hz1024res_rtx
245,1585,001585,curated_forward_approach,apollo14_cone_crater_blocks_forward_02,244,894166713301,scans/001585.npy,poses/001585.npy,transforms/001585.npz,global_dem,857.0369199218751,-5532.913705708936,24.948754345301474,-0.03407786368177483,0.05348356686275127,0.9056934301379451,-0.4191629968013484,645.0,-5511.0,0.0,included,os1_rev7_128ch20hz1024res_rtx
246,1586,001586,curated_forward_approach,apollo14_cone_crater_blocks_forward_02,245,898483380192,scans/001586.npy,poses/001586.npy,transforms/001586.npz,global_dem,856.7299812006663,-5533.884977377471,24.980641291399017,0.0040057519723773576,-0.051985069255009175,-0.6794531829747895,0.7318639755249023,645.0,-5511.0,0.0,included,os1_rev7_128ch20hz1024res_rtx
247,1587,001587,curated_forward_approach,apollo14_cone_crater_blocks_forward_02,246,901566713687,scans/001587.npy,poses/001587.npy,transforms/001587.npz,global_dem,856.8626252664972,-5534.911422091423,25.03979145199919,0.027629634531348472,-0.044055421011664875,-0.6469600070211594,0.7607486263479748,645.0,-5511.0,0.0,included,os1_rev7_128ch20hz1024res_rtx
248,1588,001588,curated_forward_approach,apollo14_cone_crater_blocks_forward_02,247,905016713866,scans/001588.npy,poses/001588.npy,transforms/001588.npz,global_dem,856.9357342091392,-5535.928642747104,25.04264232080619,0.052791506548722215,-0.039518265511438014,-0.6820535164308337,0.728322980724636,645.0,-5511.0,0.0,included,os1_rev7_128ch20hz1024res_rtx
249,1589,001589,curated_forward_approach,apollo14_cone_crater_blocks_forward_02,248,914950047718,scans/001589.npy,poses/001589.npy,transforms/001589.npz,global_dem,856.6585744896522,-5536.9009577458055,24.972939853964235,-0.05667111774788201,0.014648092270015695,0.9233153654646095,-0.37955573201179515,645.0,-5511.0,0.0,included,os1_rev7_128ch20hz1024res_rtx
250,1590,001590,curated_forward_approach,apollo14_cone_crater_blocks_forward_02,249,922266714766,scans/001590.npy,poses/001590.npy,transforms/001590.npz,global_dem,855.785234249897,-5537.392184080715,24.846492835166806,-0.05609124415963393,-0.02818169855953014,0.9888112400646604,-0.13532145327594083,645.0,-5511.0,0.0,included,os1_rev7_128ch20hz1024res_rtx
251,1591,001591,curated_forward_approach,apollo14_cone_crater_blocks_forward_02,250,940600049056,scans/001591.npy,poses/001591.npy,transforms/001591.npz,global_dem,854.740713167118,-5537.510360269062,24.692827089422074,-0.05237907225615731,-0.07701322516267821,0.9350953199169114,0.34193879365921015,645.0,-5511.0,0.0,included,os1_rev7_128ch20hz1024res_rtx
252,1592,001592,curated_forward_approach,apollo14_cone_crater_blocks_forward_02,251,959316716698,scans/001592.npy,poses/001592.npy,transforms/001592.npz,global_dem,854.2234913438513,-5538.1802959833,24.581819594861432,0.04445150497083141,-0.005614885985045147,-0.5689434243914862,0.8211552329510495,645.0,-5511.0,0.0,included,os1_rev7_128ch20hz1024res_rtx
253,1593,001593,curated_forward_approach,apollo14_cone_crater_blocks_forward_02,252,962383383525,scans/001593.npy,poses/001593.npy,transforms/001593.npz,global_dem,854.6638579612129,-5539.075610544716,24.527346350652344,0.04138186582450905,-0.013061200380976001,-0.5285630402975897,0.8477842052414393,645.0,-5511.0,0.0,included,os1_rev7_128ch20hz1024res_rtx
254,1594,001594,curated_forward_approach,apollo14_cone_crater_blocks_forward_02,253,966050050383,scans/001594.npy,poses/001594.npy,transforms/001594.npz,global_dem,854.9146775041875,-5540.049380571453,24.453467779502297,0.07631541045211893,-0.022407856994368078,-0.6473684697232057,0.7580157719207955,645.0,-5511.0,0.0,included,os1_rev7_128ch20hz1024res_rtx
