cluster_size,consensus_count,consensus_xy_rmse_m,consensus_z_rmse_m,correspondence_count,correspondence_global_indices,correspondence_local_indices,correspondence_xy_rmse_m,correspondence_z_rmse_m,estimated_heading_deg,estimated_x_m,estimated_y_m,estimated_z_m,evaluated_hypothesis_count,fitness,fitness_reference,fitness_reference_point_count,fitness_reference_spacing_m,heading_error_deg,heading_measurement_deg,local_feature_count,overlap,runtime_s,site,status,truth_x_m,truth_y_m,truth_z_m,xy_error_m,z_error_m
4,0,inf,inf,6,"[593, 594, 595, 497, 585, 611]","[7, 6, 4, 0, 5, 11]",8.626546287243698,0.4749841637641551,0.928127314781967,-2.9155591443369566,2.8831386547785343,0.08491510152816772,1929,-0.15063805482251147,raw_lidar_xy_decimated,6940,0.5,1.2003311920203146,-0.27220387723835904,13,1.0,191.06478474999312,1,solution,-0.005049131810665131,-0.0011176990810781717,-0.49565547704696655,4.097560646017986,0.5805705785751343
3,0,inf,inf,8,"[914, 1019, 1045, 1034, 1054, 931, 1021, 985]","[0, 2, 9, 6, 11, 1, 3, 5]",9.364980165379173,0.5571425166968973,2.850042654660341,-758.8949655976437,-343.82489942984995,13.665531635284424,1994,-0.36168535831213877,raw_lidar_xy_decimated,6329,0.5,4.781917403225606,-1.9318747485652559,12,1.0,150.50284776400076,2,solution,12.267229080200195,-0.6570590734481812,-0.8115395307540894,844.0706707114197,14.477071166038513
4,0,inf,inf,7,"[593, 594, 595, 585, 611, 526, 497]","[5, 4, 3, 2, 10, 1, 0]",6.1602385055274285,0.3190277341377025,-42.03836177419846,20.070381418614737,-10.6801872302199,0.007704436779022217,1829,-0.16992359134767862,raw_lidar_xy_decimated,13086,0.5,1.320164730312598,-40.71819704388585,13,1.0,169.83392361400183,3,solution,23.901281356811523,-10.196999549865723,-0.5373302102088928,3.8612516974320896,0.545034646987915
,,,,,,,,,,,,,,,raw_lidar_xy_decimated,8336,0.5,,-64.79133493705918,4,,2.80210570798954,4,no_solution,,,,,
,,,,,,,,,,,,,,,raw_lidar_xy_decimated,8257,0.5,,-147.34555813717074,3,,0.04102931899251416,5,no_solution,,,,,
2,0,inf,inf,7,"[593, 594, 595, 497, 526, 611, 585]","[6, 8, 7, 0, 1, 13, 9]",8.130168450977152,0.4056513607130269,-150.6797854152964,-1.1364103930787195,-56.72613982060858,0.11265134811401367,1924,-0.11892393614201408,raw_lidar_xy_decimated,14748,0.5,1.422769172839537,-149.25701624245687,14,1.0,159.75951223200536,6,solution,-0.9627990126609802,-59.02731704711914,-0.45432978868484497,2.307716953879177,0.5669811367988586
,,,,,,,,,,,,,,,,,,,-109.2759993649763,2,,,7,skipped_insufficient_features,,,,,
,,,,,,,,,,,,,,,,,,,-114.39735521942477,1,,,8,skipped_insufficient_features,,,,,
,,,,,,,,,,,,,,,,,,,-104.79089921902104,1,,,9,skipped_insufficient_features,,,,,
,,,,,,,,,,,,,,,,,,,-111.72540843703277,1,,,10,skipped_insufficient_features,,,,,
,,,,,,,,,,,,,,,raw_lidar_xy_decimated,13361,0.5,,-110.5384072461038,4,,4.024206679998315,11,no_solution,,,,,
2,0,inf,inf,5,"[663, 734, 730, 672, 631]","[4, 8, 6, 5, 1]",10.030535397585679,0.5068397913418745,-100.28179955450268,-223.82968355023542,-254.74542132265907,6.036197900772095,1432,-0.9698644317468879,raw_lidar_xy_decimated,11468,0.5,4.570522717304613,-95.71127683719807,9,1.0,129.70791240000108,12,solution,-27.199756622314453,-174.37538146972656,1.2406376600265503,212.4209770000164,4.795560240745544
,,,,,,,,,,,,,,,raw_lidar_xy_decimated,7715,0.5,,-99.79358424542976,3,,1.5809018470026786,13,no_solution,,,,,
2,0,inf,inf,5,"[986, 559, 900, 866, 861]","[11, 0, 9, 1, 3]",9.742566120353468,1.7014090102437471,-128.10865654114923,-433.85065369584845,188.58071375584797,12.48390194773674,403,-1.6309178345266717,raw_lidar_xy_decimated,7520,0.5,3.832304824970663,-131.9409613661199,13,1.0,93.33854884799803,14,solution,-50.64036178588867,-224.77685546875,3.8478145599365234,563.6617849925475,8.636087387800217
2,0,inf,inf,5,"[978, 916, 829, 955, 994]","[9, 2, 1, 3, 8]",10.386468632184195,0.612236017236645,148.98043385328276,-497.1080273785436,510.91000238389455,12.139117658138275,2205,-0.41040664563593443,raw_lidar_xy_decimated,7937,0.5,0.5315256450906531,148.4489082081921,10,1.0,159.29926807399897,15,solution,-16.422508239746094,6.153733253479004,0.1715155839920044,697.0204154371605,11.96760207414627
,,,,,,,,,,,,,,,raw_lidar_xy_decimated,6420,0.5,,-138.39500865476546,5,,12.269376687996555,16,no_solution,,,,,
2,0,inf,inf,4,"[768, 764, 227, 807]","[6, 4, 0, 8]",9.209921685186275,1.4089291352800213,-142.89942979444226,-345.2786558790213,-364.2232714921689,8.108587265014648,3,-2.6108503486466357,raw_lidar_xy_decimated,6592,0.5,0.12116030192197513,-143.02059009636423,9,1.0,119.55949169999803,17,solution,-102.15924835205078,-266.02862548828125,3.638662815093994,262.200752897649,4.469924449920654
2,0,inf,inf,6,"[70, 85, 59, 132, 74, 87]","[3, 5, 4, 6, 2, 8]",8.662160200841456,1.0452057939911963,-140.83312013059435,936.1826009831475,664.891645326566,-17.246506452560425,408,-0.5094310380128882,raw_lidar_xy_decimated,6894,0.5,1.709291090045724,-139.12382904054863,9,0.9158688714824486,149.47967391200655,18,solution,-131.5979461669922,-290.22393798828125,5.277122974395752,1432.6203524880948,22.523629426956177
2,0,inf,inf,4,"[231, 229, 237, 194]","[3, 2, 0, 4]",5.096592650596262,0.6411154130043614,-165.09765945053147,705.7969009411148,120.01505192212987,-12.67282086610794,55,-0.24986395068039394,raw_lidar_xy_decimated,6335,0.5,2.0182284760243476,-163.07943097450712,5,1.0,11.705301184993004,19,solution,-162.78665161132812,-310.0521240234375,5.476531028747559,969.2240007296652,18.1493518948555
5,0,inf,inf,7,"[767, 733, 736, 759, 771, 709, 681]","[7, 1, 4, 6, 10, 0, 2]",6.054760662976384,0.7297076627239545,-140.88513126156715,-191.84975000831372,-338.7325203129709,7.454341173171997,2426,-0.11057255421773743,raw_lidar_xy_decimated,10632,0.5,3.865124069412815,-137.02000719215434,13,1.0,211.27909524001007,20,solution,-194.00518798828125,-337.96356201171875,6.880199909210205,2.2884950851052985,0.574141263961792
,,,,,,,,,,,,,,,,,,,-139.50755383711078,2,,,21,skipped_insufficient_features,,,,,
2,0,inf,inf,4,"[733, 767, 709, 681]","[2, 3, 0, 1]",6.777569180589689,0.7170704428263336,-154.7702088094138,-235.90411990268242,-371.6641356711308,6.460026979446411,8,-0.1249091699997316,raw_lidar_xy_decimated,11140,0.5,0.15168675309737978,-154.6185220563164,4,1.0,2.9470393170049647,22,solution,-236.06866455078125,-371.45111083984375,5.889065742492676,0.2691737727989852,0.5709612369537354
2,0,inf,inf,5,"[895, 841, 879, 845, 788]","[7, 5, 6, 4, 3]",13.792482602766032,0.5697267395052933,-156.91056076174635,-406.2621861159126,-131.1433038236311,9.569019973278046,1607,-0.6942537155143249,raw_lidar_xy_decimated,8074,0.5,2.0317149721884107,-158.94227573393476,8,1.0,117.01881161300116,23,solution,-252.51278686523438,-377.9277648925781,6.394556045532227,290.76012105348127,3.174463927745819
,,,,,,,,,,,,,,,,,,,-138.21486385709562,1,,,24,skipped_insufficient_features,,,,,
,,,,,,,,,,,,,,,raw_lidar_xy_decimated,12931,0.5,,116.45158980740251,4,,3.4116949920135085,25,no_solution,,,,,
5,0,inf,inf,7,"[740, 756, 764, 771, 748, 789, 681]","[1, 3, 6, 8, 4, 9, 0]",5.638011630401577,0.46100531068989675,95.07557186591626,-312.5101494939811,-353.7603625372522,5.658276028931141,1569,-0.03570644062964375,raw_lidar_xy_decimated,6979,0.5,0.4329476615841372,94.64262420433211,10,1.0,179.74393005200545,26,solution,-312.87744140625,-352.31488037109375,5.095863342285156,1.4914161194986113,0.5624126866459846
4,0,inf,inf,9,"[740, 771, 789, 756, 764, 748, 681, 709, 844]","[1, 8, 13, 2, 7, 4, 0, 10, 14]",8.710440479067726,0.8634110566038133,168.4438353023956,-357.3971993340792,-343.2197861572765,6.645580887794495,2503,-0.14159727369414363,raw_lidar_xy_decimated,7583,0.5,3.2081913388112184,165.23564396358438,15,1.0,315.1172946509905,27,solution,-355.8419494628906,-339.0829162597656,6.069794654846191,4.419558203119789,0.5757862329483032
5,0,inf,inf,8,"[731, 688, 710, 669, 730, 663, 695, 698]","[8, 4, 6, 5, 7, 1, 9, 0]",7.649209335783925,0.9713809681171112,-149.79908523906124,-241.16206183204247,-168.78946082124287,4.61154118925333,2492,-0.3670755652290301,raw_lidar_xy_decimated,7390,0.5,3.6008223070742815,-146.19826293198696,12,1.0,145.1981951869966,28,solution,-390.8143615722656,-362.02740478515625,6.942140579223633,244.41095271067155,2.3305993899703026
